Date,Home,Away,Home_Win_Prob,Confidence,Diff_NetRtg,Diff_Injury,Diff_Streak,Home_Injuries,Away_Injuries,Odds_Home,Odds_Away,EV_Home,EV_Away,Bet_Signal,Kelly_Home,Kelly_Away,Home_Score,Away_Score,Winner,Outcome
2026-06-13,SAS,NYK,0.43,Toss-up,-0.25,0.14,-2,David Jones García(3.3); Luke Kornet(7.9),,1.36,2.15,-0.4152,0.2255,客EV=0.23★,,,90.0,94.0,NYK,✅ WIN
2026-06-10,NYK,SAS,0.67,🟢 High (Home),0.33,-0.04,-2,,David Jones García(3.3),1.5,1.99,0.0050000000000001,-0.3433,主EV=0.01🔥,,,107.0,106.0,NYK,✅ WIN
2026-06-08,NYK,SAS,0.56,Toss-up,0.32,-0.04,15,,David Jones García(3.3),1.7,1.72,-0.0479999999999999,-0.2432,觀望,,,111.0,115.0,SAS,-
2026-06-05,SAS,NYK,0.25,🔴 High (Away),-0.12,0.04,-13,David Jones García(3.3),,1.26,2.65,-0.685,0.9874999999999998,客EV=0.99★🔥,,,104.0,105.0,NYK,✅ WIN
2026-06-03,SAS,NYK,0.54,Toss-up,0.17,-0.06,-9,David Jones García(3.3),Mitchell Robinson(8.4),1.4,2.2,-0.244,0.012,客EV=0.01,,,95.0,105.0,NYK,✅ WIN
2026-05-30,OKC,SAS,0.69,🟢 High (Home),2.92,0.34,-2,Ajay Mitchell(11.4); Thomas Sorber(5.0); Jalen Williams(13.9),David Jones García(3.3),1.63,1.8,0.1246999999999998,-0.4419999999999998,主EV=0.12★🔥,,,103.0,111.0,SAS,❌ LOSS
2026-05-28,SAS,OKC,0.49,Toss-up,-2.69,-0.34,-2,David Jones García(3.3),Ajay Mitchell(11.4); Thomas Sorber(5.0); Jalen Williams(14.3),1.51,1.97,-0.2601,0.0046999999999999,客EV=0.00,,,118.0,91.0,SAS,❌ LOSS
2026-05-26,OKC,SAS,0.71,🟢 High (Home),3.15,0.34,-2,Ajay Mitchell(11.4); Thomas Sorber(5.0); Jalen Williams(14.3),David Jones García(3.3),1.41,2.04,0.0010999999999998,-0.4083999999999999,主EV=0.00🔥,,,127.0,114.0,OKC,✅ WIN
2026-05-25,CLE,NYK,0.18,🔴 High (Away),-4.73,0.0,-13,,,1.84,1.59,-0.6688000000000001,0.3038,客EV=0.30★🔥,,,93.0,130.0,NYK,✅ WIN
2026-05-24,SAS,OKC,0.58,Toss-up,-2.86,-0.34,-4,David Jones García(3.3),Ajay Mitchell(11.4); Thomas Sorber(5.0); Jalen Williams(14.3),1.55,1.91,-0.101,-0.1977999999999999,觀望,,,103.0,82.0,SAS,-
2026-05-23,CLE,NYK,0.41,Toss-up,-4.41,0.0,-11,,,1.59,1.84,-0.3480999999999999,0.0856000000000001,客EV=0.09,,,108.0,121.0,NYK,✅ WIN
2026-05-22,SAS,OKC,0.59,Toss-up,-2.7,0.11,-2,De'Aaron Fox(14.6); Dylan Harper(10.3); David Jones García(3.3),Thomas Sorber(5.0); Jalen Williams(14.3),1.63,1.8,-0.0383000000000001,-0.2619999999999999,觀望,,,108.0,123.0,OKC,-
2026-05-21,NYK,CLE,0.76,🟢 High (Home),4.25,0.0,9,,,1.36,2.16,0.0336,-0.4816,主EV=0.03🔥,,,109.0,93.0,NYK,✅ WIN
2026-05-20,OKC,SAS,0.62,Toss-up,2.86,-0.16,-4,Thomas Sorber(5.0),De'Aaron Fox(14.6); David Jones García(3.3),1.29,2.37,-0.2001999999999999,-0.0993999999999999,觀望,,,122.0,113.0,OKC,-
2026-05-19,NYK,CLE,0.46,Toss-up,4.29,0.32,6,OG Anunoby(14.1); OG Anunoby(14.1),Larry Nance Jr.(2.9),1.27,2.41,-0.4157999999999999,0.3014000000000001,客EV=0.30★,,,115.0,104.0,NYK,❌ LOSS
2026-05-18,OKC,SAS,0.7,🟢 High (Home),3.14,-0.27,6,Thomas Sorber(5.0),De'Aaron Fox(14.6); David Jones García(3.3); Luke Kornet(8.7),1.31,2.3,-0.083,-0.3099999999999999,觀望,,,115.0,122.0,SAS,-
2026-05-17,DET,CLE,0.49,Toss-up,3.84,0.24,2,Kevin Huerter(7.6); Caris LeVert(5.5); Duncan Robinson(9.0),Larry Nance Jr.(2.9),1.39,2.08,-0.3189000000000001,0.0607999999999999,客EV=0.06,,,,,,
2026-05-15,CLE,DET,0.52,Toss-up,-3.97,-0.27,6,,Kevin Huerter(7.6); Caris LeVert(5.5); Duncan Robinson(8.9),1.47,2.05,-0.2356,-0.0160000000000001,觀望,,,,,,
2026-05-15,MIN,SAS,0.37,Toss-up,-5.45,0.08,-2,Donte DiVincenzo(10.0),David Jones García(3.3),2.34,1.35,-0.1342000000000001,-0.1494999999999999,觀望,,,,,,
2026-05-13,DET,CLE,0.44,Toss-up,4.21,0.28,-4,Kevin Huerter(7.7); Caris LeVert(5.5); Duncan Robinson(8.9),,1.41,2.17,-0.3796,0.2152,客EV=0.22★,,,,,,
2026-05-12,SAS,MIN,0.76,🟢 High (Home),5.62,-0.08,-2,David Jones García(3.3),Donte DiVincenzo(10.0),,,,,無賠率,,,,,,
2026-05-11,LAL,OKC,0.07,🔴 High (Away),-9.99,0.09,-10,Luka Dončić(26.4),Thomas Sorber(5.0); Jalen Williams(14.5),,,,,無賠率,,,,,,
2026-05-11,CLE,DET,0.57,Toss-up,-4.42,-0.1,2,,Kevin Huerter(7.7),1.48,2.02,-0.1564000000000001,-0.1313999999999998,觀望,,,,,,
2026-05-10,PHI,NYK,0.22,🔴 High (Away),-8.19,-0.18,-9,,OG Anunoby(14.1),1.79,1.64,-0.6062000000000001,0.2791999999999999,客EV=0.28★🔥,,,,,,
2026-05-10,MIN,SAS,0.2,🔴 High (Away),-5.53,0.08,-4,Donte DiVincenzo(10.0),David Jones García(3.3),2.26,1.37,-0.548,0.096,客EV=0.10🔥,,,,,,
2026-05-09,LAL,OKC,0.28,🔴 High (Away),-9.68,0.14,-8,Luka Dončić(26.4); Jarred Vanderbilt(4.5),Thomas Sorber(5.0); Jalen Williams(14.5),2.9,1.17,-0.1879999999999999,-0.1576,觀望,,,,,,
2026-05-09,CLE,DET,0.53,Toss-up,-4.22,0.01,-7,Sam Merrill(8.9),Kevin Huerter(7.7),1.45,2.08,-0.2315,-0.0223999999999999,觀望,,,,,,
2026-05-08,MIN,SAS,0.55,Toss-up,-4.81,0.48,-2,Donte DiVincenzo(10.0); Ayo Dosunmu(12.3); Anthony Edwards(19.7),David Jones García(3.3),2.2,1.4,0.2100000000000002,-0.3700000000000001,主EV=0.21★,,,,,,
2026-05-08,PHI,NYK,0.46,Toss-up,-8.14,-0.17,-7,Joel Embiid(20.5),OG Anunoby(14.1); Josh Hart(11.6); Mitchell Robinson(8.7),1.66,1.77,-0.2364,-0.0441999999999999,觀望,,,,,,
2026-05-07,OKC,LAL,0.81,🟢 High (Home),9.37,-0.24,6,Thomas Sorber(5.0); Jalen Williams(14.5),Luka Dončić(26.4); Luke Kennard(7.6); Jarred Vanderbilt(4.5),,,,,無賠率,,,,,,
2026-05-07,DET,CLE,0.68,🟢 High (Home),4.04,-0.01,5,Kevin Huerter(7.7),Sam Merrill(8.9),1.58,1.86,0.0744,-0.4048,主EV=0.07🔥,,,,,,
2026-05-06,SAS,MIN,0.74,🟢 High (Home),4.91,-0.2,-3,Carter Bryant(3.1); David Jones García(3.3),Donte DiVincenzo(10.0); Ayo Dosunmu(12.5),1.16,3.0,-0.1416,-0.2199999999999999,觀望,,,,,,
2026-05-06,NYK,PHI,0.8,🟢 High (Home),7.35,0.0,5,,,1.25,2.7,0.0,-0.4600000000000001,觀望,,,,,,
2026-05-05,OKC,LAL,0.68,🟢 High (Home),9.61,-0.09,3,Thomas Sorber(5.0); Jalen Williams(14.5),Luka Dončić(26.4),,,,,無賠率,,,,,,
2026-05-05,DET,CLE,0.72,🟢 High (Home),3.95,0.1,2,Kevin Huerter(7.7),,1.54,1.93,0.1088,-0.4596,主EV=0.11★🔥,,,,,,
2026-05-04,SAS,MIN,0.72,🟢 High (Home),4.89,-0.45,2,Carter Bryant(3.1); David Jones García(3.3),Donte DiVincenzo(10.0); Ayo Dosunmu(12.5); Anthony Edwards(20.1),1.15,3.3,-0.172,-0.0759999999999999,觀望,,,,,,
2026-05-04,NYK,PHI,0.73,🟢 High (Home),6.96,-0.22,0,Jeremy Sochan(3.3),Joel Embiid(20.8),1.24,2.75,-0.0948,-0.2574999999999999,觀望,,,,,,
2026-05-03,DET,ORL,0.68,🟢 High (Home),6.78,-0.13,4,Kevin Huerter(7.7),Jonathan Isaac(2.8); Franz Wagner(15.3),1.21,2.95,-0.1771999999999999,-0.056,觀望,,,,,,
2026-05-03,CLE,TOR,0.78,🟢 High (Home),1.37,-0.36,-2,,Brandon Ingram(14.7); Immanuel Quickley(14.1),1.22,2.65,-0.0484,-0.417,觀望,,,,,,
2026-05-02,BOS,PHI,0.6,Toss-up,8.38,-0.26,-4,,Joel Embiid(20.6),1.22,2.65,-0.268,0.06,客EV=0.06,,,,,,
2026-05-01,TOR,CLE,0.35,🔴 High (Away),-1.28,0.36,-2,Brandon Ingram(14.7); Immanuel Quickley(14.1),,2.08,1.45,-0.272,-0.0574999999999999,觀望,,,,,,
2026-05-01,ORL,DET,0.42,Toss-up,-6.69,-0.01,-2,Jonathan Isaac(2.8); Franz Wagner(15.3),Tobias Harris(11.2); Kevin Huerter(7.7),2.01,1.49,-0.1558000000000001,-0.1357999999999999,觀望,,,,,,
2026-05-01,HOU,LAL,0.62,Toss-up,3.34,0.08,4,Steven Adams(8.0); Kevin Durant(19.7); Fred VanVleet(5.0),Luka Dončić(26.4),1.49,2.0,-0.0762,-0.24,觀望,,,,,,
2026-04-30,MIN,DEN,0.6,Toss-up,-1.3,0.08,-2,Donte DiVincenzo(10.0); Anthony Edwards(20.1),Aaron Gordon(13.0); Peyton Watson(11.1),2.36,1.34,0.4159999999999999,-0.4639999999999999,主EV=0.42★,,,,,,
2026-04-30,ATL,NYK,0.47,Toss-up,-4.47,0.12,-4,Jock Landale(9.4),,1.9,1.55,-0.1070000000000001,-0.1784999999999998,觀望,,,,,,
2026-04-30,PHI,BOS,0.22,🔴 High (Away),-8.86,0.0,2,,,2.36,1.34,-0.4808,0.0452000000000001,客EV=0.05🔥,,,,,,
2026-04-28,SAS,POR,0.7,🟢 High (Home),8.0,-0.02,4,David Jones García(3.3),Damian Lillard(5.0),,,,,無賠率,,,,,,
2026-04-28,BOS,PHI,0.85,🟢 High (Home),8.19,-0.26,4,,Joel Embiid(20.6),,,,,無賠率,,,,,,
2026-04-28,NYK,ATL,0.53,Toss-up,4.14,-0.12,2,,Jock Landale(9.4),1.29,2.5,-0.3162999999999999,0.1749999999999998,客EV=0.17★,,,,,,
2026-04-27,PHO,OKC,0.38,Toss-up,-10.26,-0.1,-6,Jordan Goodwin(8.1); Mark Williams(12.0),Isaiah Joe(8.3); Thomas Sorber(5.0); Jalen Williams(14.5),,,,,無賠率,,,,,,
2026-04-27,DEN,MIN,0.69,🟢 High (Home),1.71,-0.24,-6,Peyton Watson(11.1),Donte DiVincenzo(10.0); Anthony Edwards(20.1),,,,,無賠率,,,,,,
2026-04-27,ORL,DET,0.53,Toss-up,-7.17,-0.06,2,Jonathan Isaac(2.8),Kevin Huerter(7.8),2.09,1.45,0.1076999999999999,-0.3185,主EV=0.11★,,,,,,
2026-04-26,PHI,BOS,0.28,🔴 High (Away),-8.08,0.39,-2,Joel Embiid(20.6); Kelly Oubre Jr.(10.5),,2.75,1.24,-0.2299999999999999,-0.1072,觀望,,,,,,
2026-04-26,HOU,LAL,0.43,Toss-up,3.04,-0.15,-9,Steven Adams(8.0); Kevin Durant(19.7); Fred VanVleet(5.0),Luka Dončić(26.4); Austin Reaves(18.4),1.47,2.05,-0.3679,0.1685000000000001,客EV=0.17★,,,,,,
2026-04-26,TOR,CLE,0.56,Toss-up,-1.94,0.21,2,A.J. Lawson(2.9); Immanuel Quickley(14.1),,2.05,1.47,0.1479999999999999,-0.3532,主EV=0.15★,,,,,,
2026-04-26,POR,SAS,0.43,Toss-up,-7.81,-0.28,-2,Damian Lillard(5.0),David Jones García(3.3); Jordan McLaughlin(2.0); Victor Wembanyama(21.9),2.32,1.35,-0.0024,-0.2304999999999998,觀望,,,,,,
2026-04-25,ORL,DET,0.5,Toss-up,-6.91,0.04,-2,Jonathan Isaac(2.8),,1.92,1.54,-0.04,-0.2299999999999999,觀望,,,,,,
2026-04-25,MIN,DEN,0.66,🟢 High (Home),-2.12,0.04,4,Jaylen Clark(3.4); Anthony Edwards(20.4); Terrence Shannon Jr.(3.8),Aaron Gordon(13.3); Peyton Watson(11.1),1.77,1.65,0.1682000000000001,-0.439,主EV=0.17★🔥,,,,,,
2026-04-25,ATL,NYK,0.68,🟢 High (Home),-4.21,0.12,4,Jock Landale(9.4),,1.8,1.62,0.2240000000000002,-0.4816,主EV=0.22★🔥,,,,,,
2026-04-25,PHO,OKC,0.37,Toss-up,-10.08,0.01,-4,Jordan Goodwin(8.1); Mark Williams(12.0),Thomas Sorber(5.0); Jalen Williams(14.5),3.2,1.16,0.1839999999999999,-0.2692,主EV=0.18★,,,,,,
2026-04-24,POR,SAS,0.45,Toss-up,-7.97,-0.28,6,Damian Lillard(5.0),David Jones García(3.3); Jordan McLaughlin(2.0); Victor Wembanyama(21.9),1.89,1.56,-0.1495,-0.1419999999999999,觀望,,,,,,
2026-04-24,PHI,BOS,0.4,Toss-up,-8.54,0.26,2,Joel Embiid(20.6),,2.7,1.26,0.08,-0.244,主EV=0.08,,,,,,
2026-04-24,HOU,LAL,0.66,🟢 High (Home),3.26,-0.15,-7,Steven Adams(8.0); Kevin Durant(19.7); Fred VanVleet(5.0),Luka Dončić(26.4); Austin Reaves(18.4),1.25,2.7,-0.1749999999999999,-0.082,觀望,,,,,,
2026-04-23,TOR,CLE,0.55,Toss-up,-1.72,0.11,-5,Immanuel Quickley(14.1),Thomas Bryant(5.3),1.94,1.53,0.0669999999999999,-0.3115000000000001,主EV=0.07,,,,,,
2026-04-23,MIN,DEN,0.5,Toss-up,-2.26,-0.14,2,,Peyton Watson(11.1),1.84,1.6,-0.0799999999999999,-0.1999999999999999,觀望,,,,,,
2026-04-23,ATL,NYK,0.34,🔴 High (Away),-4.28,0.23,2,Jock Landale(9.4); Jock Landale(9.4),,1.74,1.68,-0.4084,0.1087999999999997,客EV=0.11★🔥,,,,,,
2026-04-22,OKC,PHO,0.87,🟢 High (Home),9.31,-0.19,2,Thomas Sorber(5.0),Jordan Goodwin(8.1); Mark Williams(12.0),,,,,無賠率,,,,,,
2026-04-22,DET,ORL,0.65,🟢 High (Home),7.25,-0.04,-3,,Jonathan Isaac(2.8),1.2,3.0,-0.2199999999999999,0.0499999999999998,客EV=0.05,,,,,,
2026-04-21,LAL,HOU,0.69,🟢 High (Home),-3.53,0.15,5,Luka Dončić(26.4); Austin Reaves(18.4),Steven Adams(8.0); Kevin Durant(19.7); Fred VanVleet(5.0),2.16,1.41,0.4903999999999999,-0.5629,主EV=0.49★🔥,,,,,,
2026-04-21,SAS,POR,0.66,🟢 High (Home),8.24,0.0,-4,David Jones García(3.3); Jordan McLaughlin(2.0),Damian Lillard(5.0),,,,,無賠率,,,,,,
2026-04-21,BOS,PHI,0.82,🟢 High (Home),7.9,-0.21,4,Ron Harper Jr.(3.5),Joel Embiid(20.6),,,,,無賠率,,,,,,
2026-04-20,CLE,TOR,0.69,🟢 High (Home),1.43,-0.11,3,Thomas Bryant(5.3),Immanuel Quickley(14.1),1.2,2.95,-0.172,-0.0854999999999998,觀望,,,,,,
2026-04-20,NYK,ATL,0.68,🟢 High (Home),4.06,-0.11,3,OG Anunoby(13.4),Jock Landale(9.4); Onyeka Okongwu(13.1),1.33,2.4,-0.0955999999999999,-0.2320000000000001,觀望,,,,,,
2026-04-20,DEN,MIN,0.78,🟢 High (Home),2.03,-0.12,14,Peyton Watson(11.1),Anthony Edwards(20.6),1.28,2.6,-0.0015999999999999,-0.428,觀望,,,,,,
2026-04-19,SAS,POR,0.67,🟢 High (Home),8.24,0.37,-4,David Jones García(3.3); Luke Kornet(8.9); Victor Wembanyama(22.2),Damian Lillard(5.0),,,,,無賠率,,,,,,
2026-04-19,BOS,PHI,0.74,🟢 High (Home),8.09,-0.26,-1,,Joel Embiid(20.6),,,,,無賠率,,,,,,
2026-04-19,OKC,PHO,0.56,Toss-up,10.0,-0.24,-3,Thomas Sorber(5.0),Grayson Allen(12.1); Mark Williams(12.0),,,,,無賠率,,,,,,
2026-04-19,DET,ORL,0.57,Toss-up,7.56,0.19,2,Jalen Duren(18.3),Jonathan Isaac(2.8),1.19,3.05,-0.3217000000000001,0.3115000000000001,客EV=0.31★,,,,,,
2026-04-17,PHO,GSW,0.62,Toss-up,1.93,-0.28,-2,Mark Williams(12.0),Jimmy Butler(19.1); Moses Moody(9.2); Quinten Post(5.9),1.6,1.84,-0.008,-0.3007999999999999,觀望,,,,,,
2026-04-17,ORL,CHO,0.52,Toss-up,-4.32,-0.02,-4,Jonathan Isaac(2.8),PJ Hall(4.3),2.0,1.5,0.04,-0.28,主EV=0.04,,,,,,
2026-04-15,LAC,GSW,0.58,Toss-up,1.54,-0.25,4,Bradley Beal(3.2); Isaiah Jackson(6.8); Yanic Konan Niederhäuser(3.9),Jimmy Butler(19.1); Moses Moody(9.2); Quinten Post(5.9),1.36,2.31,-0.2111999999999999,-0.0297999999999999,觀望,,,,,,
2026-04-15,PHI,ORL,0.57,Toss-up,-1.02,0.18,3,Johni Broome(0.2); Joel Embiid(20.6),Jett Howard(3.8); Jonathan Isaac(2.8),1.65,1.77,-0.0595000000000001,-0.2388999999999999,觀望,,,,,,
2026-04-12,NYK,CHO,0.36,Toss-up,1.44,0.73,7,OG Anunoby(13.4); Jalen Brunson(18.9); Josh Hart(11.9); Tyler Kolek(4.0); Mitchell Robinson(9.0); Karl-Anthony Towns(17.1),PJ Hall(4.3); Coby White(11.6),3.5,1.12,0.26,-0.2831999999999999,主EV=0.26★,,,,,,
2026-04-12,CLE,WAS,0.94,🟢 High (Home),15.55,0.1,8,Jarrett Allen(15.0); Thomas Bryant(5.3); Keon Ellis(5.5); James Harden(19.2); Sam Merrill(9.5); Donovan Mitchell(20.9); Evan Mobley(16.4); Dennis Schröder(8.7); Dean Wade(6.0),Bilal Coulibaly(9.4); Anthony Davis(17.5); Kyshawn George(10.9); Anthony Gill(5.6); Tre Johnson(7.3); D'Angelo Russell(6.9); Alex Sarr(13.6); Tristan Vukcevic(6.5); Cam Whitmore(6.2); Trae Young(15.2),,,,,無賠率,,,,,,
2026-04-12,IND,DET,0.37,Toss-up,-15.51,0.91,-3,Kobe Brown(4.7); Johnny Furphy(4.4); Tyrese Haliburton(5.0); T.J. McConnell(9.4); Andrew Nembhard(13.8); Aaron Nesmith(9.0); Ben Sheppard(5.6); Pascal Siakam(17.2); Jarace Walker(8.4); Ivica Zubac(13.4),Jalen Duren(18.3),4.0,1.08,0.48,-0.3196,主EV=0.48★,,,,,,
2026-04-12,HOU,MEM,0.85,🟢 High (Home),10.11,-0.9,6,Steven Adams(8.0); Kevin Durant(19.7); Alperen Şengün(17.7); Jabari Smith Jr.(11.9); Amen Thompson(17.3); Fred VanVleet(5.0),Santi Aldama(12.1); Adama-Alpha Bal(8.8); Kentavious Caldwell-Pope(6.6); Brandon Clarke(3.1); Walter Clayton(6.1); Cedric Coward(10.8); Zach Edey(13.3); Taylor Hendricks(6.1); GG Jackson II(9.2); Ty Jerome(15.9); Ja Morant(14.2); Scotty Pippen Jr.(8.7); Olivier-Maxence Prosper(8.2); Javon Small(8.7); Cam Spencer(10.9); Jaylen Wells(8.5),1.06,4.2,-0.0989999999999999,-0.3699999999999999,觀望,,,,,,
2026-04-12,LAL,UTA,0.74,🟢 High (Home),9.47,-0.77,1,Luka Dončić(26.4); Jaxson Hayes(7.8); Austin Reaves(18.4),Isaiah Collier(10.7); Kyle Filipowski(10.0); Keyonte George(17.7); Elijah Harkless(5.4); Jaren Jackson Jr.(13.2); Walker Kessler(15.7); Lauri Markkanen(20.2); Jusuf Nurkić(11.4); Brice Sensabaugh(9.8),,,,,無賠率,,,,,,
2026-04-12,MIN,NOP,0.8,🟢 High (Home),7.23,-0.5,2,Rudy Gobert(13.1); Bones Hyland(6.6); Joe Ingles(1.3); Julius Randle(16.4); Naz Reid(10.5),Saddiq Bey(14.1); Herbert Jones(6.7); Karlo Matković(5.8); Bryce McGowens(6.4); Yves Missi(6.9); Trey Murphy III(17.1); Dejounte Murray(13.6); Zion Williamson(17.3),1.38,2.25,0.1039999999999998,-0.55,主EV=0.10★🔥,,,,,,
2026-04-12,PHI,MIL,0.72,🟢 High (Home),5.96,-0.93,0,Johni Broome(0.2); Joel Embiid(20.6),Giannis Antetokounmpo(23.8); Gary Harris(2.6); Kyle Kuzma(9.7); Pete Nance(4.5); Kevin Porter Jr.(16.0); Bobby Portis(10.5); Ryan Rollins(13.6); Gary Trent Jr.(4.7); Myles Turner(9.5),,,,,無賠率,,,,,,
2026-04-12,DAL,CHI,0.76,🟢 High (Home),-0.83,-0.27,-2,Marvin Bagley III(10.0); Daniel Gafford(9.9); Kyrie Irving(5.0); Dereck Lively II(5.7); Naji Marshall(12.2); Caleb Martin(3.6); P.J. Washington(10.8); Brandon Williams(10.3),Matas Buzelis(11.9); Zach Collins(8.6); Josh Giddey(16.2); Isaac Okoro(7.0); Lachlan Olbrich(2.3); Nick Richards(4.5); Collin Sexton(11.2); Anfernee Simons(9.4); Jalen Smith(8.9); Patrick Williams(4.7); Guerschon Yabusele(4.4),1.26,2.6,-0.0423999999999999,-0.376,觀望,,,,,,
2026-04-12,BOS,ORL,0.53,Toss-up,7.37,1.12,-4,Jaylen Brown(19.7); Sam Hauser(7.2); Payton Pritchard(13.8); Neemias Queta(11.5); Jayson Tatum(17.1); Nikola Vučević(13.3); Derrick White(13.8),Jett Howard(3.8); Jonathan Isaac(2.8),3.4,1.13,0.802,-0.4689000000000001,主EV=0.80★,,,,,,
2026-04-12,SAS,DEN,0.7,🟢 High (Home),3.11,-1.02,-8,Stephon Castle(14.1); David Jones García(3.3),Christian Braun(10.3); Aaron Gordon(13.4); Cameron Johnson(10.0); Nikola Jokić(28.8); Spencer Jones(4.9); Jamal Murray(20.6); Peyton Watson(11.1),1.15,3.3,-0.195,-0.0099999999999998,觀望,,,,,,
2026-04-12,LAC,GSW,0.83,🟢 High (Home),1.73,-0.39,0,Bradley Beal(3.2); Isaiah Jackson(6.8); Yanic Konan Niederhäuser(3.9),Jimmy Butler(19.1); LJ Cryer(4.7); Seth Curry(5.9); Moses Moody(9.2); Quinten Post(5.9),1.4,2.2,0.1619999999999999,-0.6259999999999999,主EV=0.16★🔥,,,,,,
2026-04-12,POR,SAC,0.75,🟢 High (Home),9.39,-0.66,0,Jerami Grant(12.6); Vít Krejčí(6.4); Damian Lillard(5.0),DeMar DeRozan(14.8); Drew Eubanks(4.4); De'Andre Hunter(8.6); Zach LaVine(12.6); Keegan Murray(10.5); Domantas Sabonis(14.4); Russell Westbrook(11.9),,,,,無賠率,,,,,,
2026-04-12,OKC,PHO,0.56,Toss-up,10.29,0.72,0,Alex Caruso(5.9); Shai Gilgeous-Alexander(26.4); Isaiah Hartenstein(11.4); Chet Holmgren(15.5); Isaiah Joe(8.4); Ajay Mitchell(11.2); Thomas Sorber(5.0); Cason Wallace(8.0); Jalen Williams(14.2); Jaylin Williams(6.9),Grayson Allen(12.1); Devin Booker(18.4); Jordan Goodwin(8.0); Jalen Green(10.7); Haywood Highsmith(5.8),1.22,2.85,-0.3167999999999999,0.2539999999999998,客EV=0.25★,,,,,,
2026-04-12,MIA,ATL,0.54,Toss-up,-0.85,-0.76,0,Simone Fontecchio(6.4); Nikola Jović(4.9); Norman Powell(14.8); Dru Smith(6.2),Nickeil Alexander-Walker(15.3); Dyson Daniels(13.3); Jalen Johnson(19.9); Jonathan Kuminga(9.1); Jock Landale(9.4); CJ McCollum(13.2); Onyeka Okongwu(13.1),1.15,3.3,-0.379,0.5179999999999998,客EV=0.52★,,,,,,
2026-04-12,TOR,BRK,0.73,🟢 High (Home),11.99,-0.8,1,RJ Barrett(13.9); Trayce Jackson-Davis(3.7); Collin Murray-Boyles(8.8),Ochai Agbaji(3.6); Nic Claxton(12.0); Noah Clowney(8.2); Egor Dёmin(7.7); Terance Mann(6.3); Josh Minott(6.5); Michael Porter Jr.(17.3); Day'Ron Sharpe(9.2); Nolan Traoré(5.3); Ziaire Williams(7.4); Danny Wolf(6.8),,,,,無賠率,,,,,,
2026-04-10,SAC,GSW,0.5,Toss-up,-9.82,-0.14,-1,DeMar DeRozan(14.8); Drew Eubanks(4.4); De'Andre Hunter(8.6); Zach LaVine(12.6); Keegan Murray(10.5); Domantas Sabonis(14.4); Russell Westbrook(11.9),Jimmy Butler(19.1); Stephen Curry(19.6); Al Horford(8.3); Moses Moody(9.2); Kristaps Porziņģis(13.2); Quinten Post(5.9); Will Richard(5.7); Gui Santos(7.7),3.5,1.12,0.75,-0.4399999999999999,主EV=0.75★,,,,,,
2026-04-10,NYK,TOR,0.65,🟢 High (Home),4.26,0.0,2,Tyler Kolek(4.0),Trayce Jackson-Davis(3.7),1.28,2.55,-0.1679999999999999,-0.1075000000000001,觀望,,,,,,
2026-04-10,WAS,MIA,0.27,🔴 High (Away),-13.18,1.09,-6,Bilal Coulibaly(9.1); Anthony Davis(17.5); Kyshawn George(10.9); Jaden Hardy(5.0); Tre Johnson(7.3); D'Angelo Russell(6.9); Alex Sarr(13.6); Tristan Vukcevic(6.5); Cam Whitmore(6.2); Trae Young(15.2),Nikola Jović(4.9); Dru Smith(6.2),,,,,無賠率,,,,,,
2026-04-10,MIL,BRK,0.87,🟢 High (Home),3.16,-0.39,-1,Giannis Antetokounmpo(23.8); Kevin Porter Jr.(16.0); Bobby Portis(10.5); Gary Trent Jr.(4.7),Nic Claxton(12.0); Noah Clowney(8.2); Egor Dёmin(7.7); Terance Mann(6.3); Josh Minott(6.5); Michael Porter Jr.(17.3); Day'Ron Sharpe(9.2); Nolan Traoré(5.2); Ziaire Williams(7.4); Danny Wolf(6.8),1.13,3.4,-0.0169000000000001,-0.558,觀望,,,,,,
2026-04-10,CHO,DET,0.57,Toss-up,-2.35,0.1,-2,PJ Hall(4.3); Coby White(11.7),Kevin Huerter(7.9),1.38,2.25,-0.2134000000000001,-0.0324999999999998,觀望,,,,,,
2026-04-10,ATL,CLE,0.55,Toss-up,-1.62,-0.65,-6,Jock Landale(9.4),Jarrett Allen(15.0); Thomas Bryant(5.3); Sam Merrill(9.5); Donovan Mitchell(20.9); Jaylon Tyson(10.3),1.2,2.95,-0.3399999999999999,0.3274999999999999,客EV=0.33★,,,,,,
2026-04-10,DEN,OKC,0.47,Toss-up,-6.96,-0.43,3,Aaron Gordon(13.4); Nikola Jokić(28.8); Spencer Jones(4.9); Jamal Murray(20.6); Peyton Watson(11.1),Alex Caruso(5.9); Shai Gilgeous-Alexander(26.4); Isaiah Hartenstein(11.4); Chet Holmgren(15.5); Isaiah Joe(8.4); Ajay Mitchell(11.2); Thomas Sorber(5.0); Cason Wallace(8.0); Jalen Williams(14.2); Jaylin Williams(6.9),1.13,3.4,-0.4689000000000001,0.802,客EV=0.80★,,,,,,
2026-04-10,LAL,PHO,0.41,Toss-up,-0.5,0.27,0,Luka Dončić(26.4); Jaxson Hayes(7.8); Austin Reaves(18.4); Marcus Smart(7.3),Grayson Allen(12.3); Jordan Goodwin(8.0); Haywood Highsmith(5.8); Mark Williams(12.2),1.88,1.56,-0.2292,-0.0795999999999999,觀望,,,,,,
2026-04-10,BOS,NOP,0.74,🟢 High (Home),12.41,-0.85,-2,Jaylen Brown(19.8),Saddiq Bey(14.1); Herbert Jones(6.7); Karlo Matković(5.8); Bryce McGowens(6.4); Yves Missi(6.9); Trey Murphy III(17.1); Dejounte Murray(13.6); Zion Williamson(17.3),,,,,無賠率,,,,,,
2026-04-10,POR,LAC,0.45,Toss-up,-2.0,0.11,-1,Jerami Grant(12.6); Vít Krejčí(6.4); Damian Lillard(5.0); Shaedon Sharpe(13.1),Bradley Beal(3.2); Darius Garland(14.1); Isaiah Jackson(6.8); Yanic Konan Niederhäuser(3.9),1.62,1.82,-0.2709999999999999,0.0010000000000001,客EV=0.00,,,,,,
2026-04-10,IND,PHI,0.38,Toss-up,-7.71,0.69,4,Kobe Brown(4.7); Johnny Furphy(4.4); Tyrese Haliburton(5.0); T.J. McConnell(9.4); Andrew Nembhard(13.8); Aaron Nesmith(9.0); Ben Sheppard(5.6); Pascal Siakam(17.2); Ivica Zubac(13.4),Johni Broome(0.2); Joel Embiid(20.6); Cameron Payne(6.4),,,,,無賠率,,,,,,
2026-04-10,CHI,ORL,0.39,Toss-up,-5.02,0.8,-2,Matas Buzelis(11.9); Zach Collins(8.6); Josh Giddey(16.2); Isaac Okoro(7.0); Nick Richards(4.5); Anfernee Simons(9.4); Jalen Smith(8.9); Guerschon Yabusele(4.4),Jett Howard(3.8); Jonathan Isaac(2.8),,,,,無賠率,,,,,,
2026-04-10,SAS,DAL,0.9,🟢 High (Home),13.33,-0.52,4,Stephon Castle(14.1); David Jones García(3.3); Victor Wembanyama(22.0),Cooper Flagg(16.3); Daniel Gafford(9.9); Kyrie Irving(5.0); Dereck Lively II(5.7); Naji Marshall(12.2); Caleb Martin(3.6); Klay Thompson(7.0); P.J. Washington(10.8); Brandon Williams(10.3),,,,,無賠率,,,,,,
2026-04-10,HOU,MIN,0.57,Toss-up,1.82,-0.67,9,Steven Adams(8.0); Fred VanVleet(5.0),Mike Conley(4.4); Ayo Dosunmu(12.1); Anthony Edwards(20.8); Rudy Gobert(13.1); Julius Randle(16.4),1.15,3.3,-0.3445000000000001,0.419,客EV=0.42★,,,,,,
2026-04-10,UTA,MEM,0.66,🟢 High (Home),-3.4,-0.6,-4,Ace Bailey(9.0); Isaiah Collier(10.7); Keyonte George(17.7); Elijah Harkless(5.4); Jaren Jackson Jr.(13.2); Walker Kessler(15.7); Lauri Markkanen(20.2); Jusuf Nurkić(11.4),Santi Aldama(12.1); Kentavious Caldwell-Pope(6.6); Brandon Clarke(3.1); Walter Clayton(6.1); Cedric Coward(10.8); Zach Edey(13.3); Taylor Hendricks(6.1); GG Jackson II(9.2); GG Jackson II(9.2); Ty Jerome(15.9); Ja Morant(14.2); Scotty Pippen Jr.(8.7); Olivier-Maxence Prosper(8.2); Javon Small(8.7); Cam Spencer(10.9); Jaylen Wells(8.5),1.46,2.05,-0.0363999999999999,-0.3030000000000001,觀望,,,,,,
2026-04-09,BRK,IND,0.39,Toss-up,-1.62,-0.1,5,Nic Claxton(12.0); Noah Clowney(8.2); Egor Dёmin(7.7); Terance Mann(6.3); Michael Porter Jr.(17.3); Day'Ron Sharpe(9.2); Ziaire Williams(7.4); Danny Wolf(6.8),Kobe Brown(4.7); Johnny Furphy(4.4); Tyrese Haliburton(5.0); T.J. McConnell(9.4); Andrew Nembhard(13.8); Aaron Nesmith(9.0); Ben Sheppard(5.6); Pascal Siakam(17.2); Ivica Zubac(13.4),2.05,1.46,-0.2005,-0.1094,觀望,,,,,,
2026-04-09,HOU,PHI,0.71,🟢 High (Home),5.1,0.08,9,Steven Adams(8.0); Fred VanVleet(5.0),Johni Broome(0.2); Cameron Payne(6.4),1.45,2.07,0.0294999999999998,-0.3996999999999999,主EV=0.03🔥,,,,,,
2026-04-09,TOR,MIA,0.77,🟢 High (Home),-0.18,-0.06,2,,Nikola Jović(4.9),1.42,2.15,0.0933999999999999,-0.5055000000000001,主EV=0.09🔥,,,,,,
2026-04-09,WAS,CHI,0.3,🔴 High (Away),-5.97,0.06,-8,Anthony Davis(17.5); Kyshawn George(10.9); Jaden Hardy(5.0); Tre Johnson(7.3); D'Angelo Russell(6.9); Alex Sarr(13.6); Tristan Vukcevic(6.5); Cam Whitmore(6.2); Trae Young(15.2),Matas Buzelis(11.9); Zach Collins(8.6); Josh Giddey(16.2); Isaac Okoro(7.0); Lachlan Olbrich(2.1); Nick Richards(4.5); Collin Sexton(11.1); Anfernee Simons(9.4); Jalen Smith(8.9); Patrick Williams(4.6),2.55,1.28,-0.2350000000000001,-0.104,觀望,,,,,,
2026-04-09,NYK,BOS,0.64,Toss-up,-1.34,-0.65,-1,,Jaylen Brown(19.8); Sam Hauser(7.1); Neemias Queta(11.5); Derrick White(14.0),1.42,2.15,-0.0912,-0.2260000000000001,觀望,,,,,,
2026-04-09,GSW,LAL,0.5,Toss-up,-1.63,0.29,4,Jimmy Butler(19.1); LJ Cryer(4.7); Stephen Curry(19.6); Al Horford(8.3); Moses Moody(9.2); Kristaps Porziņģis(13.2); Quinten Post(5.9); Will Richard(5.7); Gui Santos(7.7),Luka Dončić(26.4); LeBron James(17.7); Austin Reaves(18.4); Marcus Smart(7.3),1.4,2.2,-0.3,0.1,客EV=0.10★,,,,,,
2026-04-08,DET,MIL,0.86,🟢 High (Home),14.13,-0.74,0,Cade Cunningham(20.4); Isaiah Stewart(8.6),Giannis Antetokounmpo(23.8); Kyle Kuzma(9.7); Kevin Porter Jr.(16.0); Bobby Portis(10.5); Ryan Rollins(13.6); Gary Trent Jr.(4.8); Myles Turner(9.5),,,,,無賠率,,,,,,
2026-04-08,DEN,MEM,0.91,🟢 High (Home),9.43,-1.34,14,Spencer Jones(4.9); Peyton Watson(11.1),Santi Aldama(12.1); Kentavious Caldwell-Pope(6.6); Brandon Clarke(3.1); Zach Edey(13.3); GG Jackson II(9.2); Ty Jerome(15.9); Jahmai Mashack(3.9); Ja Morant(14.2); Scotty Pippen Jr.(8.7); Olivier-Maxence Prosper(8.2); Javon Small(8.7); Cam Spencer(10.9); Jaylen Wells(8.5),,,,,無賠率,,,,,,
2026-04-08,CLE,ATL,0.36,Toss-up,1.41,0.66,4,Thomas Bryant(5.3); James Harden(19.4); Donovan Mitchell(20.9); Jaylon Tyson(10.3); Dean Wade(6.0),Jock Landale(9.4),1.65,1.78,-0.406,0.1392,客EV=0.14★,,,,,,
2026-04-08,PHO,DAL,0.74,🟢 High (Home),6.92,-0.65,0,Haywood Highsmith(5.8),Daniel Gafford(9.9); Kyrie Irving(5.0); Dereck Lively II(5.7); Naji Marshall(12.2); Caleb Martin(3.6); P.J. Washington(10.8); Brandon Williams(10.3),1.13,3.4,-0.1638,-0.1159999999999999,觀望,,,,,,
2026-04-08,LAC,OKC,0.32,🔴 High (Away),-9.88,-0.06,-4,Bradley Beal(3.2); Isaiah Jackson(6.8); Yanic Konan Niederhäuser(3.9),Thomas Sorber(5.0); Jalen Williams(14.1),2.55,1.28,-0.184,-0.1296,觀望,,,,,,
2026-04-08,ORL,MIN,0.39,Toss-up,-2.93,-0.14,2,Jamal Cain(3.7); Wendell Carter Jr.(10.7); Jett Howard(3.8); Jonathan Isaac(2.8),Anthony Edwards(20.8); Jaden McDaniels(11.5),1.33,2.35,-0.4812999999999999,0.4335,客EV=0.43★,,,,,,
2026-04-08,SAS,POR,0.65,🟢 High (Home),8.22,0.03,2,Stephon Castle(14.1); David Jones García(3.3); Victor Wembanyama(22.0),Jerami Grant(12.6); Vít Krejčí(6.4); Damian Lillard(5.0); Shaedon Sharpe(13.1),1.5,1.96,-0.0249999999999999,-0.314,觀望,,,,,,
2026-04-07,NOP,UTA,0.76,🟢 High (Home),3.48,-0.88,1,Karlo Matković(5.8); Bryce McGowens(6.4); Trey Murphy III(17.1); Dejounte Murray(13.6),Ace Bailey(9.0); Isaiah Collier(10.7); Kyle Filipowski(10.1); Keyonte George(17.7); Elijah Harkless(5.4); Jaren Jackson Jr.(13.2); Walker Kessler(15.7); Lauri Markkanen(20.2); Jusuf Nurkić(11.4),1.13,3.4,-0.1412000000000001,-0.184,觀望,,,,,,
2026-04-07,TOR,MIA,0.5,Toss-up,0.18,-0.04,-2,Sandro Mamukelashvili(10.1); Collin Murray-Boyles(8.6); Immanuel Quickley(14.4),Tyler Herro(15.8); Nikola Jović(4.9); Norman Powell(15.2),1.65,1.78,-0.175,-0.1099999999999999,觀望,,,,,,
2026-04-07,PHO,HOU,0.6,Toss-up,-3.46,-0.09,-5,Haywood Highsmith(5.8),Steven Adams(8.0); Fred VanVleet(5.0),1.68,1.75,0.008,-0.2999999999999999,主EV=0.01,,,,,,
2026-04-07,IND,MIN,0.23,🔴 High (Away),-11.14,0.67,1,Johnny Furphy(4.4); Tyrese Haliburton(5.0); T.J. McConnell(9.4); Andrew Nembhard(13.8); Aaron Nesmith(9.0); Ben Sheppard(5.6); Pascal Siakam(17.2); Jarace Walker(8.3); Ivica Zubac(13.4),Anthony Edwards(20.8); Jaden McDaniels(11.5),,,,,無賠率,,,,,,
2026-04-07,LAC,DAL,0.85,🟢 High (Home),6.57,-0.13,0,Bradley Beal(3.2); Isaiah Jackson(6.8); Yanic Konan Niederhäuser(3.9),Daniel Gafford(9.9); Kyrie Irving(5.0); Dereck Lively II(5.7); Caleb Martin(3.6),,,,,無賠率,,,,,,
2026-04-07,WAS,CHI,0.3,🔴 High (Away),-6.1,0.36,1,Justin Champagnie(8.6); Bilal Coulibaly(9.0); Anthony Davis(17.5); Kyshawn George(10.9); Tre Johnson(7.3); D'Angelo Russell(6.9); Alex Sarr(13.6); Tristan Vukcevic(6.5); Cam Whitmore(6.2); Trae Young(15.2),Matas Buzelis(11.9); Zach Collins(8.6); Josh Giddey(16.2); Lachlan Olbrich(1.9); Nick Richards(4.5); Collin Sexton(11.1); Anfernee Simons(9.4); Jalen Smith(8.9),2.5,1.3,-0.25,-0.09,觀望,,,,,,
2026-04-07,GSW,SAC,0.73,🟢 High (Home),9.53,-0.37,-3,Jimmy Butler(19.1); LJ Cryer(4.7); Al Horford(8.3); Moses Moody(9.2); Quinten Post(5.9),DeMar DeRozan(14.8); Drew Eubanks(4.4); De'Andre Hunter(8.6); Zach LaVine(12.6); Keegan Murray(10.5); Domantas Sabonis(14.4); Russell Westbrook(11.9),,,,,無賠率,,,,,,
2026-04-07,BRK,MIL,0.61,Toss-up,-3.28,-0.11,0,Nic Claxton(12.0); Noah Clowney(8.2); Egor Dёmin(7.7); Terance Mann(6.3); Michael Porter Jr.(17.3); Ben Saraf(4.1); Day'Ron Sharpe(9.2); Ziaire Williams(7.4); Danny Wolf(6.8),Giannis Antetokounmpo(23.8); Kyle Kuzma(9.7); Kevin Porter Jr.(16.0); Bobby Portis(10.5); Ryan Rollins(13.6); Gary Trent Jr.(4.8); Myles Turner(9.5),1.82,1.62,0.1102,-0.3681999999999999,主EV=0.11★,,,,,,
2026-04-07,LAL,OKC,0.26,🔴 High (Away),-9.57,0.44,-7,Luka Dončić(26.4); Austin Reaves(18.4); Marcus Smart(7.3),Alex Caruso(6.0); Luguentz Dort(5.7); Thomas Sorber(5.0),,,,,無賠率,,,,,,
2026-04-07,BOS,CHO,0.64,Toss-up,2.64,-0.2,-1,,PJ Hall(4.3); Coby White(11.7),1.36,2.28,-0.1295999999999999,-0.1792000000000001,觀望,,,,,,
2026-04-05,BOS,TOR,0.85,🟢 High (Home),5.69,-0.01,1,Nikola Vučević(13.8),Immanuel Quickley(14.4),1.15,3.3,-0.0225,-0.5049999999999999,觀望,,,,,,
2026-04-05,MIL,MEM,0.55,Toss-up,-1.88,-0.83,1,Giannis Antetokounmpo(23.8); Kevin Porter Jr.(16.0); Bobby Portis(10.5); Ryan Rollins(13.5); Gary Trent Jr.(4.8),Santi Aldama(12.1); Kentavious Caldwell-Pope(6.6); Brandon Clarke(3.1); Walter Clayton(5.8); Cedric Coward(10.5); Zach Edey(13.3); Taj Gibson(3.8); GG Jackson II(9.2); Ty Jerome(15.9); Jahmai Mashack(3.9); Ja Morant(14.2); Scotty Pippen Jr.(8.7); Javon Small(8.7); Cam Spencer(10.9); Jaylen Wells(8.5),1.28,2.55,-0.2959999999999999,0.1474999999999997,客EV=0.15★,,,,,,
2026-04-05,BRK,WAS,0.67,🟢 High (Home),1.73,-0.45,3,Egor Dёmin(7.7); Michael Porter Jr.(17.3); Day'Ron Sharpe(9.2); Danny Wolf(6.8),Anthony Davis(17.5); Kyshawn George(10.9); D'Angelo Russell(6.9); Alex Sarr(13.6); Tristan Vukcevic(6.5); Cam Whitmore(6.2); Trae Young(15.2),1.48,2.0,-0.0083999999999999,-0.3400000000000001,觀望,,,,,,
2026-04-05,DAL,LAL,0.44,Toss-up,-7.45,-0.22,-2,Marvin Bagley III(9.8); Kyrie Irving(5.0); Dereck Lively II(5.7); Caleb Martin(3.6); P.J. Washington(10.8),Luka Dončić(26.4); Austin Reaves(18.4); Marcus Smart(7.3),1.8,1.63,-0.2079999999999999,-0.0871999999999999,觀望,,,,,,
2026-04-05,CLE,IND,0.7,🟢 High (Home),11.66,-0.8,2,Jaylon Tyson(10.3); Dean Wade(6.0),Johnny Furphy(4.4); Tyrese Haliburton(5.0); T.J. McConnell(9.4); Andrew Nembhard(13.8); Aaron Nesmith(9.0); Pascal Siakam(17.2); Jarace Walker(8.3); Ivica Zubac(13.4),,,,,無賠率,,,,,,
2026-04-05,GSW,HOU,0.39,Toss-up,-4.73,0.69,-8,Jimmy Butler(19.1); Seth Curry(6.0); Stephen Curry(19.7); Al Horford(8.3); Moses Moody(9.2); Quinten Post(5.9),Steven Adams(8.0); Fred VanVleet(5.0),2.2,1.4,-0.1419999999999999,-0.146,觀望,,,,,,
2026-04-05,OKC,UTA,0.92,🟢 High (Home),18.29,-0.97,12,Alex Caruso(6.0); Luguentz Dort(5.6); Thomas Sorber(5.0),Isaiah Collier(10.7); Keyonte George(17.7); Elijah Harkless(5.4); Jaren Jackson Jr.(13.2); Walker Kessler(15.7); Lauri Markkanen(20.2); Jusuf Nurkić(11.4),,,,,無賠率,,,,,,
2026-04-05,CHI,PHO,0.32,🔴 High (Away),-6.45,0.65,-4,Zach Collins(8.6); Josh Giddey(16.2); Lachlan Olbrich(1.8); Nick Richards(4.5); Collin Sexton(11.1); Anfernee Simons(9.4); Jalen Smith(8.9),Amir Coffey(2.5); Haywood Highsmith(5.8),3.4,1.13,0.088,-0.2316000000000001,主EV=0.09,,,,,,
2026-04-05,MIN,CHO,0.48,Toss-up,-1.56,-0.12,-5,Jaden McDaniels(11.5),Moussa Diabaté(10.4); PJ Hall(4.3); Grant Williams(6.1),2.15,1.42,0.032,-0.2616,主EV=0.03,,,,,,
2026-04-05,SAC,LAC,0.27,🔴 High (Away),-11.31,0.71,4,Drew Eubanks(4.4); De'Andre Hunter(8.6); Zach LaVine(12.6); Malik Monk(8.7); Keegan Murray(10.5); Domantas Sabonis(14.4); Russell Westbrook(11.9),Bradley Beal(3.2); Isaiah Jackson(6.8); Yanic Konan Niederhäuser(3.9),,,,,無賠率,,,,,,
2026-04-05,NOP,ORL,0.66,🟢 High (Home),-4.37,0.36,-8,Karlo Matković(5.8); Bryce McGowens(6.4); Trey Murphy III(17.1); Dejounte Murray(13.6),Anthony Black(11.4); Jonathan Isaac(2.8),2.4,1.32,0.5840000000000001,-0.5512,主EV=0.58★🔥,,,,,,
2026-04-04,MIA,WAS,0.84,🟢 High (Home),13.3,-0.88,3,Tyler Herro(15.8); Norman Powell(15.2),Justin Champagnie(8.5); Bilal Coulibaly(9.0); Anthony Davis(17.5); Kyshawn George(10.9); Tre Johnson(7.3); D'Angelo Russell(6.9); Alex Sarr(13.6); Tristan Vukcevic(6.5); Cam Whitmore(6.2); Trae Young(15.2),,,,,無賠率,,,,,,
2026-04-04,DEN,SAS,0.4,Toss-up,-3.2,0.05,-4,Tim Hardaway Jr.(9.8); Spencer Jones(4.9); Zeke Nnaji(3.1); Peyton Watson(11.1),David Jones García(3.3); Victor Wembanyama(21.9),1.85,1.6,-0.2599999999999999,-0.04,觀望,,,,,,
2026-04-04,PHI,DET,0.37,Toss-up,-7.79,-0.55,0,Johni Broome(0.2),Cade Cunningham(20.4); Tobias Harris(10.7); Marcus Sasser(4.1); Isaiah Stewart(8.6),1.88,1.56,-0.3044,-0.0171999999999999,觀望,,,,,,
2026-04-03,DAL,ORL,0.5,Toss-up,-5.41,0.26,-1,Marvin Bagley III(9.8); Kyrie Irving(5.0); Dereck Lively II(5.7); Caleb Martin(3.6); P.J. Washington(10.8),Anthony Black(11.4); Jonathan Isaac(2.8),2.55,1.28,0.2749999999999999,-0.36,主EV=0.27★,,,,,,
2026-04-03,CHO,IND,0.73,🟢 High (Home),12.85,-1.05,0,PJ Hall(4.3),Johnny Furphy(4.4); Tyrese Haliburton(5.0); T.J. McConnell(9.4); Andrew Nembhard(13.8); Aaron Nesmith(9.0); Pascal Siakam(17.1); Obi Toppin(8.2); Jarace Walker(8.3); Ivica Zubac(13.4),,,,,無賠率,,,,,,
2026-04-03,NYK,CHI,0.77,🟢 High (Home),10.57,-0.88,6,,Zach Collins(8.6); Josh Giddey(16.5); Tre Jones(13.1); Mac McClung(3.5); Lachlan Olbrich(1.8); Nick Richards(4.5); Anfernee Simons(9.4); Jalen Smith(8.9); Guerschon Yabusele(4.4),,,,,無賠率,,,,,,
2026-04-03,MIL,BOS,0.35,🔴 High (Away),-13.46,0.77,-2,Giannis Antetokounmpo(23.8); Thanasis Antetokounmpo(1.3); Kevin Porter Jr.(16.0); Bobby Portis(10.5); Ryan Rollins(13.5); Jericho Sims(5.1); Gary Trent Jr.(4.8),Nikola Vučević(13.8),,,,,無賠率,,,,,,
2026-04-03,BRK,ATL,0.24,🔴 High (Away),-11.08,0.65,-4,Nic Claxton(12.0); Noah Clowney(8.2); Egor Dёmin(7.7); Michael Porter Jr.(17.3); Day'Ron Sharpe(9.2); Danny Wolf(6.8),Jock Landale(9.4),4.3,1.05,0.032,-0.2019999999999999,主EV=0.03,,,,,,
2026-04-03,MEM,TOR,0.3,🔴 High (Away),-6.07,1.18,0,Santi Aldama(12.1); Kentavious Caldwell-Pope(6.6); Brandon Clarke(3.1); Zach Edey(13.3); Taj Gibson(3.8); Taylor Hendricks(5.8); Ty Jerome(15.9); Ja Morant(14.2); Scotty Pippen Jr.(8.7); Olivier-Maxence Prosper(8.0); Cam Spencer(10.9); Jaylen Wells(8.5),Jamison Battle(2.4); Immanuel Quickley(14.4),,,,,無賠率,,,,,,
2026-04-03,HOU,UTA,0.73,🟢 High (Home),12.14,-1.02,11,Steven Adams(8.0); Fred VanVleet(5.0),Isaiah Collier(10.7); Keyonte George(17.7); Elijah Harkless(5.4); Jaren Jackson Jr.(13.2); Walker Kessler(15.7); Lauri Markkanen(20.2); Jusuf Nurkić(11.4),,,,,無賠率,,,,,,
2026-04-03,PHI,MIN,0.67,🟢 High (Home),-3.83,-0.15,2,Johni Broome(0.2); Joel Embiid(20.5),Anthony Edwards(21.2); Jaden McDaniels(11.5),1.58,1.86,0.0586000000000002,-0.3862,主EV=0.06🔥,,,,,,
2026-04-03,SAC,NOP,0.29,🔴 High (Away),-5.79,0.74,7,Drew Eubanks(4.4); De'Andre Hunter(8.6); Zach LaVine(12.6); Malik Monk(8.7); Keegan Murray(10.5); Domantas Sabonis(14.4); Russell Westbrook(11.9),Karlo Matković(5.8); Bryce McGowens(6.4),2.25,1.38,-0.3475,-0.0202000000000001,觀望,,,,,,
2026-04-02,CHO,PHO,0.64,Toss-up,2.56,-0.25,2,,Amir Coffey(2.5); Haywood Highsmith(5.8); Mark Williams(12.0),1.35,2.3,-0.1359999999999999,-0.172,觀望,,,,,,
2026-04-02,POR,NOP,0.44,Toss-up,3.36,0.17,7,Jerami Grant(12.6); Vít Krejčí(6.4); Damian Lillard(5.0); Shaedon Sharpe(13.1),Bryce McGowens(6.4); Trey Murphy III(17.2),1.28,2.55,-0.4367999999999999,0.4279999999999999,客EV=0.43★,,,,,,
2026-04-02,DET,MIN,0.6,Toss-up,4.53,0.27,0,Cade Cunningham(20.4); Marcus Sasser(4.2); Isaiah Stewart(8.6),Jaden McDaniels(11.5),1.5,1.96,-0.1,-0.2159999999999999,觀望,,,,,,
2026-04-02,LAC,SAS,0.57,Toss-up,-6.24,0.02,-11,Bradley Beal(3.2); Isaiah Jackson(6.8); Yanic Konan Niederhäuser(3.9),David Jones García(3.3); Luke Kornet(9.0),2.07,1.45,0.1798999999999997,-0.3764999999999999,主EV=0.18★,,,,,,
2026-04-02,GSW,CLE,0.17,🔴 High (Away),-4.13,0.6,-1,Jimmy Butler(19.1); Stephen Curry(19.7); Al Horford(8.3); De'Anthony Melton(8.7); Moses Moody(9.2); Gary Payton II(6.9); Kristaps Porziņģis(13.5); Quinten Post(5.9); Gui Santos(7.5),Jarrett Allen(15.1); Sam Merrill(9.5); Max Strus(10.2); Jaylon Tyson(10.3); Dean Wade(6.0),3.3,1.15,-0.4389999999999999,-0.0455,觀望,,,,,,
2026-04-02,OKC,LAL,0.77,🟢 High (Home),8.85,0.29,-1,Isaiah Hartenstein(11.5); Thomas Sorber(5.0); Jalen Williams(14.1),Marcus Smart(7.3),1.18,3.1,-0.0914,-0.287,觀望,,,,,,
2026-04-01,MIA,BOS,0.37,Toss-up,-5.44,0.14,2,Norman Powell(15.2); Andrew Wiggins(12.6),Ron Harper Jr.(2.9); Nikola Vučević(13.8),2.28,1.36,-0.1564000000000001,-0.1431999999999998,觀望,,,,,,
2026-04-01,UTA,DEN,0.28,🔴 High (Away),-11.94,0.91,-12,Isaiah Collier(10.7); Keyonte George(17.7); Elijah Harkless(5.4); Jaren Jackson Jr.(13.2); Walker Kessler(15.7); Lauri Markkanen(20.2); Jusuf Nurkić(11.4),Aaron Gordon(13.8); Spencer Jones(4.9); Zeke Nnaji(3.1),,,,,無賠率,,,,,,
2026-04-01,WAS,PHI,0.27,🔴 High (Away),-10.78,1.08,-2,Bilal Coulibaly(9.0); Anthony Davis(17.5); Kyshawn George(10.9); Tre Johnson(7.4); D'Angelo Russell(6.9); Alex Sarr(13.6); Cam Whitmore(6.2); Trae Young(15.2),Johni Broome(0.2),,,,,無賠率,,,,,,
2026-04-01,GSW,SAS,0.35,🔴 High (Away),-7.32,0.81,-10,Jimmy Butler(19.1); Stephen Curry(19.7); Al Horford(8.3); Moses Moody(9.2); Quinten Post(5.9); Will Richard(6.0),David Jones García(3.3),,,,,無賠率,,,,,,
2026-04-01,ORL,ATL,0.56,Toss-up,-1.63,0.27,-1,Anthony Black(11.4); Jonathan Isaac(2.8); Franz Wagner(16.6),Jock Landale(9.5),2.1,1.43,0.1760000000000001,-0.3708000000000001,主EV=0.18★,,,,,,
2026-04-01,TOR,SAC,0.89,🟢 High (Home),12.17,-0.57,3,Jamison Battle(2.4); Immanuel Quickley(14.4),Drew Eubanks(4.4); De'Andre Hunter(8.6); Zach LaVine(12.6); Keegan Murray(10.5); Domantas Sabonis(14.4); Russell Westbrook(11.9),,,,,無賠率,,,,,,
2026-04-01,MEM,NYK,0.37,Toss-up,-10.25,1.06,2,Santi Aldama(12.1); Kentavious Caldwell-Pope(6.6); Brandon Clarke(3.1); Zach Edey(13.3); Taj Gibson(3.8); Taylor Hendricks(5.8); Ty Jerome(15.9); Ja Morant(14.2); Scotty Pippen Jr.(8.7); Jaylen Wells(8.5),Landry Shamet(6.8),,,,,無賠率,,,,,,
2026-04-01,HOU,MIL,0.75,🟢 High (Home),10.87,-0.52,2,Steven Adams(8.0); Fred VanVleet(5.0),Giannis Antetokounmpo(23.8); Thanasis Antetokounmpo(1.3); Gary Harris(2.6); Kevin Porter Jr.(16.0); Bobby Portis(10.5),,,,,無賠率,,,,,,
2026-04-01,CHI,IND,0.69,🟢 High (Home),4.02,-0.66,-5,Zach Collins(8.6); Nick Richards(4.5); Anfernee Simons(9.4); Jalen Smith(8.9); Guerschon Yabusele(4.3),Johnny Furphy(4.4); Tyrese Haliburton(5.0); T.J. McConnell(9.4); Andrew Nembhard(13.8); Aaron Nesmith(9.0); Pascal Siakam(17.0); Obi Toppin(8.2); Jarace Walker(8.3); Ivica Zubac(13.4),1.4,2.2,-0.0340000000000001,-0.3179999999999998,觀望,,,,,,
2026-03-31,LAC,POR,0.58,Toss-up,2.49,-0.29,4,Bradley Beal(3.2); Isaiah Jackson(6.8); Yanic Konan Niederhäuser(3.9),Jerami Grant(12.6); Vít Krejčí(6.4); Damian Lillard(5.0); Shaedon Sharpe(13.1),1.3,2.5,-0.246,0.05,客EV=0.05,,,,,,
2026-03-31,MIL,DAL,0.42,Toss-up,-1.53,0.49,-3,Giannis Antetokounmpo(23.8); Thanasis Antetokounmpo(1.3); Gary Harris(2.6); Kyle Kuzma(9.7); Kevin Porter Jr.(16.0); Bobby Portis(10.5); Ryan Rollins(13.4); Myles Turner(9.5),Marvin Bagley III(9.8); Kyrie Irving(5.0); Dereck Lively II(5.7); Naji Marshall(12.4); Caleb Martin(3.6); P.J. Washington(10.8),1.76,1.66,-0.2608,-0.0371999999999999,觀望,,,,,,
2026-03-31,LAL,CLE,0.59,Toss-up,-2.44,-0.42,1,Marcus Smart(7.3); Adou Thiero(1.2),Jarrett Allen(15.1); Max Strus(10.7); Jaylon Tyson(10.3); Dean Wade(6.0),1.58,1.86,-0.0677999999999999,-0.2373999999999999,觀望,,,,,,
2026-03-31,HOU,NYK,0.56,Toss-up,-2.64,-0.04,4,Steven Adams(8.0); Fred VanVleet(5.0),Miles McBride(9.4); Landry Shamet(6.8),1.73,1.7,-0.0311999999999998,-0.2520000000000001,觀望,,,,,,
2026-03-31,DET,TOR,0.78,🟢 High (Home),6.41,0.19,-3,Cade Cunningham(20.4); Jalen Duren(18.2); Tobias Harris(10.9); Duncan Robinson(8.7); Isaiah Stewart(8.6),RJ Barrett(13.9); Brandon Ingram(15.0); Collin Murray-Boyles(8.1); Immanuel Quickley(14.4),1.56,1.88,0.2168000000000001,-0.5864,主EV=0.22★🔥,,,,,,
2026-03-31,BRK,CHO,0.21,🔴 High (Away),-14.21,0.49,3,Egor Dёmin(7.7); Terance Mann(6.4); Michael Porter Jr.(17.3); Day'Ron Sharpe(9.2); Jalen Wilson(3.4); Danny Wolf(6.8),Tidjane Salaün(5.2); Grant Williams(6.0),,,,,無賠率,,,,,,
2026-03-31,ORL,PHO,0.45,Toss-up,-0.69,-0.18,-3,Anthony Black(11.4); Jonathan Isaac(2.8); Franz Wagner(16.6),Grayson Allen(12.9); Dillon Brooks(12.2); Amir Coffey(2.5); Haywood Highsmith(5.8); Mark Williams(12.0),1.6,1.85,-0.2799999999999999,0.0175,客EV=0.02,,,,,,
2026-03-30,MIA,PHI,0.64,Toss-up,2.62,0.19,-4,Norman Powell(15.2),Johni Broome(0.2),1.88,1.56,0.2032,-0.4384,主EV=0.20★,,,,,,
2026-03-30,OKC,DET,0.53,Toss-up,3.05,-0.9,0,Thomas Sorber(5.0),Cade Cunningham(20.4); Jalen Duren(18.2); Tobias Harris(10.9); Duncan Robinson(8.7); Isaiah Stewart(8.6); Ausar Thompson(10.2),,,,,無賠率,,,,,,
2026-03-30,DAL,MIN,0.45,Toss-up,-8.55,0.02,2,Marvin Bagley III(9.8); Daniel Gafford(9.9); Kyrie Irving(5.0); Dereck Lively II(5.7); Naji Marshall(12.4); Caleb Martin(3.6),Ayo Dosunmu(11.8); Anthony Edwards(21.3); Jaden McDaniels(11.5),2.55,1.28,0.1474999999999999,-0.2959999999999999,主EV=0.15★,,,,,,
2026-03-30,UTA,CLE,0.3,🔴 High (Away),-11.24,0.51,-6,Isaiah Collier(10.7); Keyonte George(17.7); Jaren Jackson Jr.(13.2); Walker Kessler(15.7); Lauri Markkanen(20.2); Jusuf Nurkić(11.4),Jarrett Allen(15.1); Craig Porter Jr.(6.0); Max Strus(10.7); Jaylon Tyson(10.3); Dean Wade(6.0),,,,,無賠率,,,,,,
2026-03-30,ATL,BOS,0.46,Toss-up,-5.76,-0.16,-2,Dyson Daniels(13.1); Jonathan Kuminga(9.0); Onyeka Okongwu(13.2),Jaylen Brown(19.8); Nikola Vučević(13.8); Derrick White(14.2),1.66,1.76,-0.2364,-0.0495999999999999,觀望,,,,,,
2026-03-30,LAL,WAS,0.83,🟢 High (Home),12.1,-0.86,4,Marcus Smart(7.3); Adou Thiero(1.2),Anthony Davis(17.5); Kyshawn George(10.9); Tre Johnson(7.4); D'Angelo Russell(6.9); Alex Sarr(13.6); Cam Whitmore(6.2); Trae Young(15.2),,,,,無賠率,,,,,,
2026-03-30,SAS,CHI,0.96,🟢 High (Home),11.77,-0.48,11,David Jones García(3.3),Zach Collins(8.6); Jaden Ivey(6.3); Nick Richards(4.5); Anfernee Simons(9.4); Jalen Smith(8.9); Guerschon Yabusele(4.2),,,,,無賠率,,,,,,
2026-03-30,MEM,PHO,0.27,🔴 High (Away),-5.15,1.1,0,Santi Aldama(12.1); Kentavious Caldwell-Pope(6.6); Brandon Clarke(3.1); Walter Clayton(5.7); Zach Edey(13.3); Taj Gibson(3.8); Taylor Hendricks(5.9); DeJon Jarreau(6.2); Ty Jerome(15.9); Ja Morant(14.2); Scotty Pippen Jr.(8.7); Olivier-Maxence Prosper(7.8); Javon Small(8.6); Jaylen Wells(8.5),Dillon Brooks(12.2); Amir Coffey(2.5); Haywood Highsmith(5.8); Mark Williams(12.0),,,,,無賠率,,,,,,
2026-03-29,DEN,GSW,0.56,Toss-up,4.06,-0.94,2,,Jimmy Butler(19.1); Seth Curry(6.9); Stephen Curry(19.7); Al Horford(8.3); Moses Moody(9.2); Quinten Post(6.0); Will Richard(6.0),,,,,無賠率,,,,,,
2026-03-29,IND,MIA,0.28,🔴 High (Away),-11.18,0.91,-1,Johnny Furphy(4.4); Tyrese Haliburton(5.0); T.J. McConnell(9.2); Andrew Nembhard(13.8); Aaron Nesmith(9.0); Pascal Siakam(17.0); Obi Toppin(8.1); Jarace Walker(8.3); Ivica Zubac(13.4),Norman Powell(15.2),3.2,1.16,-0.1039999999999998,-0.1648,觀望,,,,,,
2026-03-29,OKC,NYK,0.72,🟢 High (Home),3.77,-0.14,2,Thomas Sorber(5.0),Miles McBride(9.8); Landry Shamet(6.8),1.2,2.95,-0.136,-0.1739999999999998,觀望,,,,,,
2026-03-29,BRK,SAC,0.64,Toss-up,0.66,-0.19,-7,Egor Dёmin(7.7); Josh Minott(6.3); Michael Porter Jr.(17.3); Day'Ron Sharpe(9.2); Danny Wolf(6.8),Drew Eubanks(4.4); De'Andre Hunter(8.6); Zach LaVine(12.6); Keegan Murray(10.5); Domantas Sabonis(14.4); Russell Westbrook(11.9),1.76,1.66,0.1264,-0.4024000000000001,主EV=0.13★,,,,,,
2026-03-29,TOR,ORL,0.58,Toss-up,0.51,0.13,0,Brandon Ingram(15.0); Trayce Jackson-Davis(3.9); Collin Murray-Boyles(8.1); Immanuel Quickley(14.4),Anthony Black(11.4); Jonathan Isaac(2.8); Franz Wagner(16.6),1.56,1.88,-0.0952,-0.2103999999999999,觀望,,,,,,
2026-03-29,CHO,BOS,0.59,Toss-up,-2.64,-0.81,-3,Liam McNeeley(3.1); Tidjane Salaün(5.2),Jaylen Brown(19.8); Neemias Queta(11.0); Jayson Tatum(14.3); Nikola Vučević(13.8); Derrick White(14.2),1.73,1.7,0.0206999999999999,-0.3029999999999999,主EV=0.02,,,,,,
2026-03-29,NOP,HOU,0.43,Toss-up,-7.81,0.3,-5,Bryce McGowens(6.4); Trey Murphy III(17.2); Dejounte Murray(13.8),Steven Adams(8.0); Fred VanVleet(5.0),2.4,1.32,0.032,-0.2475999999999999,主EV=0.03,,,,,,
2026-03-29,MIL,LAC,0.26,🔴 High (Away),-7.41,0.63,-7,Giannis Antetokounmpo(23.8); Thanasis Antetokounmpo(1.3); Gary Harris(2.6); Kyle Kuzma(9.7); Kevin Porter Jr.(16.0); Bobby Portis(10.5),Bradley Beal(3.2); Isaiah Jackson(6.8); Yanic Konan Niederhäuser(3.9),,,,,無賠率,,,,,,
2026-03-29,POR,WAS,0.79,🟢 High (Home),9.68,-0.61,0,Jerami Grant(12.6); Vít Krejčí(6.4); Damian Lillard(5.0); Shaedon Sharpe(13.1); Robert Williams(8.9),Leaky Black(7.9); Bilal Coulibaly(9.3); Anthony Davis(17.5); Kyshawn George(10.9); Tre Johnson(7.4); D'Angelo Russell(6.9); Alex Sarr(13.6); Cam Whitmore(6.2); Trae Young(15.2),,,,,無賠率,,,,,,
2026-03-28,ATL,SAC,0.79,🟢 High (Home),11.99,-0.78,1,Jock Landale(9.3),Nique Clifford(5.6); Drew Eubanks(4.4); Killian Hayes(3.5); De'Andre Hunter(8.6); Zach LaVine(12.6); Keegan Murray(10.5); Domantas Sabonis(14.4); Russell Westbrook(11.9),,,,,無賠率,,,,,,
2026-03-28,CHO,PHI,0.8,🟢 High (Home),5.2,-0.32,4,Liam McNeeley(3.1); Tidjane Salaün(5.2),Johni Broome(0.2); Tyrese Maxey(22.7); Kelly Oubre Jr.(10.9),1.32,2.4,0.056,-0.5200000000000001,主EV=0.06🔥,,,,,,
2026-03-28,PHO,UTA,0.69,🟢 High (Home),8.63,-0.71,3,Dillon Brooks(12.2); Amir Coffey(2.5); Haywood Highsmith(5.8); Mark Williams(12.0),Isaiah Collier(10.7); Keyonte George(17.7); Jaren Jackson Jr.(13.2); Walker Kessler(15.7); Lauri Markkanen(20.2); Jusuf Nurkić(11.4),1.03,4.75,-0.2893,0.4725000000000001,客EV=0.47★,,,,,,
2026-03-28,MIN,DET,0.68,🟢 High (Home),-3.95,-0.53,1,Ayo Dosunmu(11.8); Anthony Edwards(21.3); Jaden McDaniels(11.5),Cade Cunningham(20.4); Jalen Duren(18.3); Tobias Harris(10.7); Caris LeVert(5.6); Duncan Robinson(8.7); Marcus Sasser(4.2); Isaiah Stewart(8.6); Ausar Thompson(10.2),1.6,1.85,0.088,-0.408,主EV=0.09🔥,,,,,,
2026-03-28,MIL,SAS,0.24,🔴 High (Away),-12.81,0.86,-9,Giannis Antetokounmpo(23.8); Gary Harris(2.6); Kyle Kuzma(9.7); Kevin Porter Jr.(16.0); Bobby Portis(10.5); Myles Turner(9.4),David Jones García(3.3),,,,,無賠率,,,,,,
2026-03-28,MEM,CHI,0.22,🔴 High (Away),0.42,0.6,-3,Santi Aldama(12.1); Kentavious Caldwell-Pope(6.6); Brandon Clarke(3.1); Zach Edey(13.3); Ty Jerome(15.9); Jahmai Mashack(3.6); Ja Morant(14.2); Scotty Pippen Jr.(8.7); Jaylen Wells(8.5),Zach Collins(8.6); Jaden Ivey(6.3); Nick Richards(4.5); Anfernee Simons(9.4); Jalen Smith(8.9),2.05,1.46,-0.549,0.1388,客EV=0.14★🔥,,,,,,
2026-03-27,OKC,CHI,0.86,🟢 High (Home),15.01,-0.59,0,Thomas Sorber(5.0),Zach Collins(8.6); Rob Dillingham(3.2); Jaden Ivey(6.3); Isaac Okoro(6.8); Nick Richards(4.5); Anfernee Simons(9.4); Jalen Smith(8.9); Guerschon Yabusele(4.1),,,,,無賠率,,,,,,
2026-03-27,POR,DAL,0.67,🟢 High (Home),3.52,0.12,7,Vít Krejčí(6.4); Damian Lillard(5.0); Shaedon Sharpe(13.1); Robert Williams(9.0),Daniel Gafford(9.9); Kyrie Irving(5.0); Dereck Lively II(5.7); Caleb Martin(3.6),1.13,3.4,-0.2429,0.1219999999999998,客EV=0.12★,,,,,,
2026-03-27,CLE,MIA,0.47,Toss-up,1.71,0.32,-2,Jarrett Allen(15.0); Craig Porter Jr.(6.0); Jaylon Tyson(10.3); Dean Wade(6.0),Jaime Jaquez Jr.(12.1),1.38,2.25,-0.3514,0.1925000000000001,客EV=0.19★,,,,,,
2026-03-27,MEM,HOU,0.33,🔴 High (Away),-7.53,0.91,-2,Santi Aldama(12.1); Kentavious Caldwell-Pope(6.6); Brandon Clarke(3.1); Zach Edey(13.3); Ty Jerome(15.9); Jahmai Mashack(3.6); Ja Morant(14.2); Scotty Pippen Jr.(8.7); Jaylen Wells(8.5),Steven Adams(8.0); Fred VanVleet(5.0),,,,,無賠率,,,,,,
2026-03-27,LAL,BRK,0.93,🟢 High (Home),10.89,-0.08,10,Luka Dončić(26.5); Rui Hachimura(8.0); Marcus Smart(7.3); Adou Thiero(1.2),Noah Clowney(8.3); Egor Dёmin(7.7); Michael Porter Jr.(17.3); Day'Ron Sharpe(9.2); Danny Wolf(6.8),,,,,無賠率,,,,,,
2026-03-27,IND,LAC,0.4,Toss-up,-9.55,0.29,-4,Johnny Furphy(4.4); Tyrese Haliburton(5.0); Aaron Nesmith(8.8); Obi Toppin(7.3); Ivica Zubac(13.4),Bradley Beal(3.2); Yanic Konan Niederhäuser(3.9); Jordan Miller(8.5),3.1,1.18,0.2400000000000002,-0.292,主EV=0.24★,,,,,,
2026-03-27,DEN,UTA,0.78,🟢 High (Home),11.51,-1.34,7,,Isaiah Collier(10.7); Kyle Filipowski(9.3); Keyonte George(17.7); Jaren Jackson Jr.(13.2); Walker Kessler(15.7); Lauri Markkanen(20.2); Jusuf Nurkić(11.4); Brice Sensabaugh(9.2),,,,,無賠率,,,,,,
2026-03-27,GSW,WAS,0.78,🟢 High (Home),11.43,-0.27,1,Jimmy Butler(19.1); Seth Curry(6.9); Stephen Curry(19.7); Al Horford(8.3); Malevy Leons(2.7); Moses Moody(9.2); Quinten Post(6.0),Bilal Coulibaly(9.1); Anthony Davis(17.5); Kyshawn George(10.9); Tre Johnson(7.5); D'Angelo Russell(6.9); Alex Sarr(13.8); Tristan Vukcevic(6.1); Cam Whitmore(6.2); Trae Young(15.2),,,,,無賠率,,,,,,
2026-03-27,TOR,NOP,0.85,🟢 High (Home),5.38,-0.11,2,Immanuel Quickley(14.4),Bryce McGowens(6.4); Trey Murphy III(17.2),1.22,2.85,0.0369999999999999,-0.5724999999999999,主EV=0.04🔥,,,,,,
2026-03-27,BOS,ATL,0.5,Toss-up,5.58,0.74,-2,Jaylen Brown(19.8); Neemias Queta(11.0); Nikola Vučević(13.8); Derrick White(14.4),,1.38,2.25,-0.31,0.125,客EV=0.12★,,,,,,
2026-03-26,ORL,SAC,0.63,Toss-up,10.58,-0.48,-5,Anthony Black(11.4); Jonathan Isaac(2.8); Jalen Suggs(11.6); Franz Wagner(16.6),Precious Achiuwa(9.0); Nique Clifford(5.6); Drew Eubanks(4.4); Killian Hayes(3.7); De'Andre Hunter(8.6); Zach LaVine(12.6); Keegan Murray(10.5); Domantas Sabonis(14.4); Russell Westbrook(11.9),,,,,無賠率,,,,,,
2026-03-26,DET,NOP,0.67,🟢 High (Home),11.29,-0.06,1,Cade Cunningham(20.4); Marcus Sasser(4.3); Isaiah Stewart(8.6),Bryce McGowens(6.4); Trey Murphy III(17.2); Dejounte Murray(14.6),1.36,2.28,-0.0887999999999998,-0.2476000000000001,觀望,,,,,,
2026-03-26,CHO,NYK,0.67,🟢 High (Home),-2.74,-0.11,-3,Pat Connaughton(2.5); Tidjane Salaün(5.2),Miles McBride(9.8); Landry Shamet(6.8),1.66,1.76,0.1122,-0.4192,主EV=0.11★🔥,,,,,,
2026-03-25,BOS,OKC,0.53,Toss-up,-3.16,0.11,-13,Nikola Vučević(13.8),Thomas Sorber(5.0),1.93,1.53,0.0228999999999999,-0.2809,主EV=0.02,,,,,,
2026-03-25,GSW,BRK,0.64,Toss-up,9.39,0.13,9,Jimmy Butler(19.1); Seth Curry(6.9); Stephen Curry(19.7); Al Horford(8.3); Moses Moody(9.2),Noah Clowney(8.3); Egor Dёmin(7.7); Michael Porter Jr.(17.3); Drake Powell(4.0); Day'Ron Sharpe(9.2); Danny Wolf(6.8),,,,,無賠率,,,,,,
2026-03-25,CLE,MIA,0.41,Toss-up,1.35,0.39,9,Jarrett Allen(15.0); Craig Porter Jr.(6.0); Jaylon Tyson(10.3),,1.48,2.0,-0.3932,0.1800000000000001,客EV=0.18★,,,,,,
2026-03-25,IND,LAL,0.34,🔴 High (Away),-10.13,0.58,2,Johnny Furphy(4.4); Tyrese Haliburton(5.0); Andrew Nembhard(13.8); Aaron Nesmith(8.9); Pascal Siakam(17.4); Ivica Zubac(13.4),Rui Hachimura(8.0); Marcus Smart(7.3); Adou Thiero(1.2),,,,,無賠率,,,,,,
2026-03-25,PHI,CHI,0.57,Toss-up,4.02,0.37,-2,Johni Broome(0.2); Joel Embiid(20.4); Quentin Grimes(10.5); Tyrese Maxey(22.7); Kelly Oubre Jr.(10.9),Zach Collins(8.6); Jaden Ivey(6.3); Isaac Okoro(6.7); Anfernee Simons(9.4); Guerschon Yabusele(4.1),1.32,2.4,-0.2476,0.032,客EV=0.03,,,,,,
2026-03-25,MEM,SAS,0.15,🔴 High (Away),-9.98,0.98,-9,Santi Aldama(12.1); Kentavious Caldwell-Pope(6.6); Brandon Clarke(3.1); Zach Edey(13.3); Ty Jerome(15.9); Jahmai Mashack(3.6); Ja Morant(14.2); Scotty Pippen Jr.(8.7); Javon Small(8.5); Cam Spencer(10.9),De'Aaron Fox(15.0); David Jones García(3.3),,,,,無賠率,,,,,,
2026-03-25,DEN,DAL,0.84,🟢 High (Home),9.36,-0.29,7,Peyton Watson(11.4),Daniel Gafford(9.9); Kyrie Irving(5.0); Dereck Lively II(5.7); Caleb Martin(3.6); Brandon Williams(10.0),,,,,無賠率,,,,,,
2026-03-25,UTA,WAS,0.69,🟢 High (Home),3.81,0.13,14,Isaiah Collier(10.7); Keyonte George(17.7); Jaren Jackson Jr.(13.2); Walker Kessler(15.7); Lauri Markkanen(20.2); Jusuf Nurkić(11.4); Cody Williams(5.7),Anthony Davis(17.5); Kyshawn George(10.9); Tre Johnson(7.5); D'Angelo Russell(6.9); Alex Sarr(13.8); Tristan Vukcevic(6.1); Cam Whitmore(6.2); Trae Young(15.2),1.4,2.2,-0.0340000000000001,-0.3179999999999998,觀望,,,,,,
2026-03-25,LAC,TOR,0.65,🟢 High (Home),-0.94,-0.13,1,Bradley Beal(3.2); Yanic Konan Niederhäuser(3.9); Kawhi Leonard(22.9),Brandon Ingram(15.1); Jakob Poeltl(10.9); Immanuel Quickley(14.4),1.43,2.1,-0.0705,-0.265,觀望,,,,,,
2026-03-25,MIN,HOU,0.63,Toss-up,-0.68,0.25,2,Ayo Dosunmu(11.8); Anthony Edwards(21.3),Steven Adams(8.0); Fred VanVleet(5.0),1.78,1.65,0.1213999999999999,-0.3895,主EV=0.12★,,,,,,
2026-03-25,DET,ATL,0.57,Toss-up,6.34,0.24,2,Cade Cunningham(20.4); Javonte Green(6.0); Marcus Sasser(4.3); Isaiah Stewart(8.6),Jalen Johnson(20.4),1.53,1.93,-0.1279,-0.1700999999999999,觀望,,,,,,
2026-03-25,POR,MIL,0.61,Toss-up,3.36,-0.07,2,Jerami Grant(12.6); Vít Krejčí(6.4); Damian Lillard(5.0); Shaedon Sharpe(13.1); Robert Williams(9.1),Giannis Antetokounmpo(23.8); Gary Harris(2.6); Kyle Kuzma(9.7); Kevin Porter Jr.(16.0),,,,,無賠率,,,,,,
2026-03-23,PHI,OKC,0.33,🔴 High (Away),-11.03,0.71,-9,Dominick Barlow(7.8); Johni Broome(0.2); Joel Embiid(20.4); Tyrese Maxey(22.7); Kelly Oubre Jr.(10.9),Thomas Sorber(5.0),,,,,無賠率,,,,,,
2026-03-23,POR,BRK,0.76,🟢 High (Home),7.53,-0.3,6,Jerami Grant(12.6); Vít Krejčí(6.4); Damian Lillard(5.0); Shaedon Sharpe(13.1),Nic Claxton(12.3); Noah Clowney(8.3); Egor Dёmin(7.7); Michael Porter Jr.(17.3); Day'Ron Sharpe(9.2); Danny Wolf(6.8),,,,,無賠率,,,,,,
2026-03-23,DAL,GSW,0.51,Toss-up,-5.39,-0.76,0,Kyrie Irving(5.0); Dereck Lively II(5.7); Caleb Martin(3.6); Brandon Williams(10.0),Jimmy Butler(19.1); Seth Curry(6.9); Stephen Curry(19.7); Al Horford(8.3); De'Anthony Melton(9.2); Moses Moody(9.1); Kristaps Porziņģis(13.1),1.86,1.58,-0.0513999999999998,-0.2258,觀望,,,,,,
2026-03-23,LAC,MIL,0.77,🟢 High (Home),5.9,-0.12,0,Bradley Beal(3.2); John Collins(10.7); Yanic Konan Niederhäuser(3.9); Kawhi Leonard(22.9); Bennedict Mathurin(12.4),Giannis Antetokounmpo(23.8); Gary Harris(2.6); Kyle Kuzma(9.7); Kevin Porter Jr.(16.0); Bobby Portis(10.6),,,,,無賠率,,,,,,
2026-03-23,MIA,SAS,0.49,Toss-up,-3.9,0.16,-9,Jaime Jaquez Jr.(12.2); Norman Powell(15.4); Andrew Wiggins(12.8),Stephon Castle(13.7); David Jones García(3.3); Devin Vassell(10.6),2.0,1.48,-0.02,-0.2451999999999999,觀望,,,,,,
2026-03-23,ATL,MEM,0.71,🟢 High (Home),3.94,-0.89,3,Jalen Johnson(20.4),Santi Aldama(12.1); Kentavious Caldwell-Pope(6.6); Brandon Clarke(3.1); Cedric Coward(10.5); Zach Edey(13.3); Taj Gibson(3.2); Ty Jerome(16.2); Jahmai Mashack(3.6); Ja Morant(14.2); Scotty Pippen Jr.(8.7),,,,,無賠率,,,,,,
2026-03-23,UTA,TOR,0.25,🔴 High (Away),-8.9,1.01,1,Isaiah Collier(10.7); Keyonte George(17.7); Jaren Jackson Jr.(13.2); Walker Kessler(15.7); Lauri Markkanen(20.2); Jusuf Nurkić(11.4),Collin Murray-Boyles(8.1),3.5,1.12,-0.125,-0.1599999999999999,觀望,,,,,,
2026-03-23,CHI,HOU,0.46,Toss-up,-8.41,0.39,-4,Zach Collins(8.6); Jaden Ivey(6.3); Isaac Okoro(6.7); Anfernee Simons(9.4); Jalen Smith(9.0); Guerschon Yabusele(4.1),Steven Adams(8.0); Fred VanVleet(5.0),3.1,1.18,0.4260000000000001,-0.3628,主EV=0.43★,,,,,,
2026-03-23,DET,LAL,0.53,Toss-up,6.15,0.2,-6,Cade Cunningham(20.4); Marcus Sasser(4.3); Isaiah Stewart(8.6),Rui Hachimura(8.0); Maxi Kleber(2.2); Marcus Smart(7.3),1.85,1.6,-0.0194999999999998,-0.248,觀望,,,,,,
2026-03-23,ORL,IND,0.74,🟢 High (Home),9.54,-0.48,12,Anthony Black(11.4); Jonathan Isaac(2.8); Franz Wagner(16.6),Johnny Furphy(4.4); Tyrese Haliburton(5.0); Andrew Nembhard(13.7); Aaron Nesmith(8.8); Pascal Siakam(17.2); Obi Toppin(6.8); Ivica Zubac(13.4),,,,,無賠率,,,,,,
2026-03-22,NYK,WAS,0.68,🟢 High (Home),17.39,-0.54,20,Josh Hart(12.2); Miles McBride(9.8); Landry Shamet(6.8),Leaky Black(8.1); Anthony Davis(17.5); Kyshawn George(10.9); Tre Johnson(7.5); D'Angelo Russell(6.9); Cam Whitmore(6.2); Trae Young(15.2),,,,,無賠率,,,,,,
2026-03-22,PHO,TOR,0.41,Toss-up,-0.95,0.57,-4,Grayson Allen(12.8); Dillon Brooks(12.2); Amir Coffey(2.5); Haywood Highsmith(5.8); Royce O'Neale(8.3); Mark Williams(12.0),Collin Murray-Boyles(8.1),1.9,1.55,-0.221,-0.0854999999999998,觀望,,,,,,
2026-03-22,SAC,BRK,0.56,Toss-up,-0.35,0.26,4,Devin Carter(5.3); Nique Clifford(5.6); Drew Eubanks(4.4); De'Andre Hunter(8.6); Zach LaVine(12.6); Malik Monk(8.3); Keegan Murray(10.5); Domantas Sabonis(14.4),Noah Clowney(8.3); Egor Dёmin(7.7); Terance Mann(6.4); Michael Porter Jr.(17.3); Day'Ron Sharpe(9.2),1.35,2.3,-0.2439999999999998,0.0119999999999997,客EV=0.01,,,,,,
2026-03-22,BOS,MIN,0.6,Toss-up,4.13,0.26,5,Jaylen Brown(19.8); Jaylen Brown(19.8); Nikola Vučević(13.8),Anthony Edwards(21.3); Naz Reid(10.9),1.18,3.1,-0.292,0.2400000000000002,客EV=0.24★,,,,,,
2026-03-22,DEN,POR,0.55,Toss-up,6.0,0.01,-2,Aaron Gordon(13.9); Peyton Watson(11.4),Vít Krejčí(6.4); Damian Lillard(5.0); Shaedon Sharpe(13.1),1.18,3.1,-0.351,0.3949999999999998,客EV=0.39★,,,,,,
2026-03-21,UTA,PHI,0.2,🔴 High (Away),-6.95,0.61,0,Isaiah Collier(10.7); Keyonte George(17.7); Jaren Jackson Jr.(13.2); Walker Kessler(15.7); John Konchar(4.7); Lauri Markkanen(20.2); Jusuf Nurkić(11.4); Brice Sensabaugh(9.2),Johni Broome(0.2); Joel Embiid(20.4); Tyrese Maxey(22.7); Kelly Oubre Jr.(10.9),2.5,1.3,-0.5,0.04,客EV=0.04🔥,,,,,,
2026-03-21,ORL,LAL,0.58,Toss-up,-0.13,0.26,-11,Anthony Black(11.4); Wendell Carter Jr.(10.6); Jonathan Isaac(2.8); Franz Wagner(16.6),Maxi Kleber(2.2); Austin Reaves(18.7),1.93,1.53,0.1193999999999999,-0.3573999999999999,主EV=0.12★,,,,,,
2026-03-21,WAS,OKC,0.18,🔴 High (Away),-21.02,0.48,-24,Leaky Black(8.1); Anthony Davis(17.5); Kyshawn George(10.9); Tre Johnson(7.5); Will Riley(6.3); D'Angelo Russell(6.9); Cam Whitmore(6.2); Trae Young(15.2),Branden Carlson(4.2); Luguentz Dort(5.6); Isaiah Hartenstein(11.5); Thomas Sorber(5.0); Jalen Williams(14.3),5.5,1.01,-0.01,-0.1717999999999999,觀望,,,,,,
2026-03-21,HOU,MIA,0.59,Toss-up,0.9,-0.31,4,Steven Adams(8.0); Jae'Sean Tate(2.2); Fred VanVleet(5.0),Simone Fontecchio(6.2); Jaime Jaquez Jr.(12.2); Pelle Larsson(9.2); Andrew Wiggins(12.8),1.6,1.85,-0.056,-0.2414999999999999,觀望,,,,,,
2026-03-21,ATL,GSW,0.64,Toss-up,0.87,-0.91,1,Jonathan Kuminga(9.6),Jimmy Butler(19.1); Seth Curry(6.9); Stephen Curry(19.7); Al Horford(8.3); Moses Moody(9.1); Kristaps Porziņģis(13.1); Quinten Post(6.0),1.15,3.3,-0.264,0.1879999999999999,客EV=0.19★,,,,,,
2026-03-21,NOP,CLE,0.51,Toss-up,-7.94,-0.42,1,Bryce McGowens(6.4); Dejounte Murray(15.7),Jarrett Allen(15.0); Donovan Mitchell(21.1); Craig Porter Jr.(6.0); Tyrese Proctor(3.0); Jaylon Tyson(10.3),2.2,1.4,0.1220000000000001,-0.314,主EV=0.12★,,,,,,
2026-03-21,PHO,MIL,0.57,Toss-up,6.09,0.17,-2,Grayson Allen(12.8); Dillon Brooks(12.2); Amir Coffey(2.5); Haywood Highsmith(5.8); Royce O'Neale(8.3); Mark Williams(12.0),Giannis Antetokounmpo(23.8); Kevin Porter Jr.(16.0),,,,,無賠率,,,,,,
2026-03-21,CHO,MEM,0.81,🟢 High (Home),6.44,-0.97,3,Tidjane Salaün(5.2),Santi Aldama(12.1); Kentavious Caldwell-Pope(6.6); Brandon Clarke(3.1); Cedric Coward(10.5); Zach Edey(13.3); Taj Gibson(2.2); GG Jackson II(8.4); Jahmai Mashack(3.6); Ja Morant(14.2); Scotty Pippen Jr.(8.7),,,,,無賠率,,,,,,
2026-03-21,SAS,IND,0.88,🟢 High (Home),15.47,-0.64,19,Stephon Castle(13.7); David Jones García(3.3),Johnny Furphy(4.4); Tyrese Haliburton(5.0); Andrew Nembhard(13.5); Micah Potter(7.9); Pascal Siakam(17.4); Obi Toppin(6.9); Ivica Zubac(13.4),,,,,無賠率,,,,,,
2026-03-21,DAL,LAC,0.4,Toss-up,-5.43,-0.39,2,Kyrie Irving(5.0); Dereck Lively II(5.7); Caleb Martin(3.6); Brandon Williams(10.0),Bradley Beal(3.2); Darius Garland(13.5); Yanic Konan Niederhäuser(3.9); Kawhi Leonard(22.8); Bennedict Mathurin(12.4),2.6,1.26,0.04,-0.244,主EV=0.04,,,,,,
2026-03-20,MIN,POR,0.64,Toss-up,5.12,0.1,0,Anthony Edwards(21.3); Naz Reid(10.9),Vít Krejčí(6.4); Damian Lillard(5.0); Shaedon Sharpe(13.1),1.53,1.93,-0.0207999999999999,-0.3052,觀望,,,,,,
2026-03-20,BRK,NYK,0.21,🔴 High (Away),-15.48,0.39,-9,Noah Clowney(8.3); Egor Dёmin(7.7); Michael Porter Jr.(17.3); Ben Saraf(3.7); Day'Ron Sharpe(9.2); Ziaire Williams(6.9),Josh Hart(12.2); Miles McBride(9.8),5.0,1.02,0.05,-0.1941999999999999,主EV=0.05,,,,,,
2026-03-20,DET,GSW,0.88,🟢 High (Home),6.47,-0.56,3,Cade Cunningham(20.4); Isaiah Stewart(8.6),Jimmy Butler(19.1); LJ Cryer(4.7); Seth Curry(6.9); Stephen Curry(19.7); Al Horford(8.3); Moses Moody(9.1); Quinten Post(6.0),1.35,2.3,0.1880000000000001,-0.724,主EV=0.19★🔥,,,,,,
2026-03-20,MEM,BOS,0.36,Toss-up,-10.4,0.73,-2,Santi Aldama(12.1); Kentavious Caldwell-Pope(6.6); Brandon Clarke(3.1); Zach Edey(13.3); Taj Gibson(2.2); GG Jackson II(8.4); Jahmai Mashack(3.6); Ja Morant(14.2); Scotty Pippen Jr.(8.7),Nikola Vučević(13.8),,,,,無賠率,,,,,,
2026-03-20,DEN,TOR,0.47,Toss-up,2.72,0.21,-4,Aaron Gordon(13.9); Peyton Watson(11.4),Collin Murray-Boyles(8.1),1.28,2.55,-0.3984,0.3514999999999999,客EV=0.35★,,,,,,
2026-03-20,HOU,ATL,0.57,Toss-up,2.82,0.19,-13,Steven Adams(8.0); Jae'Sean Tate(2.2); Fred VanVleet(5.0),,1.48,2.0,-0.1564000000000001,-0.1399999999999999,觀望,,,,,,
2026-03-19,WAS,DET,0.26,🔴 High (Away),-17.87,0.74,-14,Leaky Black(8.1); Bilal Coulibaly(8.9); Anthony Davis(17.5); Kyshawn George(10.9); D'Angelo Russell(6.9); Alex Sarr(14.3); Cam Whitmore(6.2); Trae Young(15.2),Cade Cunningham(20.4); Isaiah Stewart(8.6),,,,,無賠率,,,,,,
2026-03-19,CHO,ORL,0.63,Toss-up,2.01,-0.32,3,Tidjane Salaün(5.2),Anthony Black(11.4); Jonathan Isaac(2.8); Franz Wagner(16.6),1.35,2.3,-0.1494999999999999,-0.149,觀望,,,,,,
2026-03-19,MIA,LAL,0.57,Toss-up,2.23,0.49,-9,Bam Adebayo(16.3); Jaime Jaquez Jr.(12.2); Andrew Wiggins(12.8),Maxi Kleber(2.2),1.56,1.88,-0.1108,-0.1916,觀望,,,,,,
2026-03-19,SAC,PHI,0.53,Toss-up,-9.21,0.15,0,Devin Carter(5.3); Nique Clifford(5.6); Drew Eubanks(4.4); De'Andre Hunter(8.6); Zach LaVine(12.6); Malik Monk(8.4); Keegan Murray(10.5); Domantas Sabonis(14.4),Johni Broome(0.2); Joel Embiid(20.4); Tyrese Maxey(22.7); Kelly Oubre Jr.(10.9); Jabari Walker(3.8),2.0,1.48,0.06,-0.3044,主EV=0.06,,,,,,
2026-03-19,SAS,PHO,0.86,🟢 High (Home),5.32,-0.39,6,David Jones García(3.3); Devin Vassell(10.7),Grayson Allen(12.8); Dillon Brooks(12.2); Royce O'Neale(8.3); Mark Williams(12.0),1.15,3.3,-0.0110000000000001,-0.538,觀望,,,,,,
2026-03-19,CHI,CLE,0.42,Toss-up,-7.99,0.09,-2,Zach Collins(8.6); Jaden Ivey(6.3); Isaac Okoro(6.7); Anfernee Simons(9.4),Jarrett Allen(15.0); Craig Porter Jr.(6.0); Tyrese Proctor(3.0),,,,,無賠率,,,,,,
2026-03-19,NOP,LAC,0.66,🟢 High (Home),-4.88,-0.21,5,Bryce McGowens(6.4),Nicolas Batum(3.5); Bradley Beal(3.2); Yanic Konan Niederhäuser(3.9); Bennedict Mathurin(12.4),1.65,1.78,0.0889999999999999,-0.3948,主EV=0.09🔥,,,,,,
2026-03-19,UTA,MIL,0.47,Toss-up,-2.24,0.24,-3,Keyonte George(17.7); Jaren Jackson Jr.(13.2); Walker Kessler(15.7); Lauri Markkanen(20.2); Jusuf Nurkić(11.4),Giannis Antetokounmpo(23.8); Kyle Kuzma(9.7); Kevin Porter Jr.(16.0); Myles Turner(9.8),2.25,1.38,0.0574999999999998,-0.2686,主EV=0.06,,,,,,
2026-03-18,MIN,UTA,0.63,Toss-up,10.31,-1.13,4,Anthony Edwards(21.3),Ace Bailey(8.3); Isaiah Collier(10.7); Kyle Filipowski(9.4); Keyonte George(17.7); Jaren Jackson Jr.(13.2); Walker Kessler(15.7); John Konchar(4.8); Lauri Markkanen(20.2); Jusuf Nurkić(11.4),,,,,無賠率,,,,,,
2026-03-18,HOU,LAL,0.39,Toss-up,3.15,0.38,-7,Steven Adams(8.0); Alperen Şengün(17.1); Jae'Sean Tate(2.2); Fred VanVleet(5.0),Maxi Kleber(2.2),1.56,1.88,-0.3915999999999999,0.1467999999999998,客EV=0.15★,,,,,,
2026-03-18,NOP,LAC,0.61,Toss-up,-5.25,-0.42,3,Bryce McGowens(6.4); Dejounte Murray(15.9),Bradley Beal(3.2); Darius Garland(13.5); Yanic Konan Niederhäuser(3.9); Kawhi Leonard(22.8); Bennedict Mathurin(12.4),1.62,1.82,-0.0117999999999999,-0.2901999999999999,觀望,,,,,,
2026-03-18,BRK,OKC,0.28,🔴 High (Away),-19.49,0.32,-13,Egor Dёmin(7.7); Terance Mann(6.6); Michael Porter Jr.(17.3); Ben Saraf(3.7); Day'Ron Sharpe(9.2); Nolan Traoré(4.8),Branden Carlson(4.2); Thomas Sorber(5.0); Jalen Williams(14.3),,,,,無賠率,,,,,,
2026-03-18,BOS,GSW,0.78,🟢 High (Home),6.67,-0.83,1,Nikola Vučević(13.8),Jimmy Butler(19.1); LJ Cryer(4.7); Seth Curry(6.9); Stephen Curry(19.7); Al Horford(8.3); Moses Moody(9.1); Gary Payton II(6.1); Quinten Post(6.0),,,,,無賠率,,,,,,
2026-03-18,IND,POR,0.26,🔴 High (Away),-6.06,0.18,-15,Johnny Furphy(4.4); Tyrese Haliburton(5.0); Andrew Nembhard(13.5); Micah Potter(7.9); Pascal Siakam(17.4),Vít Krejčí(6.4); Damian Lillard(5.0); Shaedon Sharpe(13.1); Robert Williams(9.1),3.3,1.15,-0.142,-0.149,觀望,,,,,,
2026-03-18,CHI,TOR,0.37,Toss-up,-5.75,0.42,-1,Zach Collins(8.6); Jaden Ivey(6.3); Isaac Okoro(6.7); Collin Sexton(10.6); Anfernee Simons(9.4),Collin Murray-Boyles(8.1),2.8,1.23,0.036,-0.2250999999999999,主EV=0.04,,,,,,
2026-03-18,DAL,ATL,0.27,🔴 High (Away),-5.83,0.3,-11,Daniel Gafford(9.3); Kyrie Irving(5.0); Dereck Lively II(5.7); Caleb Martin(3.6); Brandon Williams(10.0),Jonathan Kuminga(9.4),2.85,1.22,-0.2304999999999999,-0.1094,觀望,,,,,,
2026-03-18,MEM,DEN,0.3,🔴 High (Away),-6.56,0.63,-9,Santi Aldama(12.1); Kentavious Caldwell-Pope(6.6); Brandon Clarke(3.1); Zach Edey(13.3); Jahmai Mashack(3.6); Ja Morant(14.2); Scotty Pippen Jr.(8.7),Peyton Watson(11.4),,,,,無賠率,,,,,,
2026-03-17,DEN,PHI,0.78,🟢 High (Home),4.43,-0.63,-3,Peyton Watson(11.4),Johni Broome(0.2); Joel Embiid(20.4); Tyrese Maxey(22.7); Kelly Oubre Jr.(10.9); Dalen Terry(3.5); Jabari Walker(3.8),,,,,無賠率,,,,,,
2026-03-17,MIN,PHO,0.48,Toss-up,1.88,0.1,1,Anthony Edwards(21.3); Naz Reid(10.8),Dillon Brooks(12.2); Mark Williams(12.0),1.46,2.05,-0.2992,0.0659999999999998,客EV=0.07,,,,,,
2026-03-17,MIL,CLE,0.36,Toss-up,-9.56,-0.08,2,Giannis Antetokounmpo(23.8); Ousmane Dieng(4.1); Myles Turner(9.8),Jarrett Allen(15.0); Sam Merrill(9.3); Craig Porter Jr.(6.0); Tyrese Proctor(3.0); Jaylon Tyson(10.4),3.2,1.16,0.1519999999999999,-0.2576,主EV=0.15★,,,,,,
2026-03-17,SAC,SAS,0.16,🔴 High (Away),-16.29,0.53,0,Devin Carter(5.3); Drew Eubanks(4.4); De'Andre Hunter(8.6); Zach LaVine(12.6); Malik Monk(8.4); Keegan Murray(10.5); Domantas Sabonis(14.4),Dylan Harper(9.2); David Jones García(3.3); Luke Kornet(9.2),,,,,無賠率,,,,,,
2026-03-17,WAS,DET,0.29,🔴 High (Away),-18.2,0.88,-11,Leaky Black(8.1); Anthony Davis(17.5); Kyshawn George(10.9); D'Angelo Russell(6.9); Alex Sarr(14.3); Cam Whitmore(6.2); Trae Young(15.2),Isaiah Stewart(8.6),,,,,無賠率,,,,,,
2026-03-17,ORL,OKC,0.45,Toss-up,-8.97,0.09,-9,Anthony Black(11.4); Jonathan Isaac(2.8); Franz Wagner(16.6),Branden Carlson(4.2); Thomas Sorber(5.0); Jalen Williams(14.3),3.3,1.15,0.4849999999999999,-0.3675,主EV=0.48★,,,,,,
2026-03-17,NYK,IND,0.84,🟢 High (Home),14.69,-0.86,16,Jalen Brunson(18.9); Miles McBride(9.8),Johnny Furphy(4.4); Tyrese Haliburton(5.0); Quenton Jackson(6.5); T.J. McConnell(9.0); Andrew Nembhard(13.5); Aaron Nesmith(9.0); Micah Potter(7.9); Ben Sheppard(5.3); Pascal Siakam(17.4); Obi Toppin(6.3); Ivica Zubac(13.4),,,,,無賠率,,,,,,
2026-03-17,CHO,MIA,0.64,Toss-up,-0.03,-0.28,0,Tidjane Salaün(5.2),Nikola Jović(5.1); Pelle Larsson(9.3); Andrew Wiggins(12.8),1.45,2.07,-0.072,-0.2548000000000001,觀望,,,,,,
2026-03-16,WAS,GSW,0.38,Toss-up,-11.48,-0.25,-6,Leaky Black(8.1); Anthony Davis(17.5); Kyshawn George(10.9); D'Angelo Russell(6.9); Alex Sarr(14.3); Cam Whitmore(6.2),Jimmy Butler(19.1); Seth Curry(6.9); Stephen Curry(19.7); Draymond Green(7.6); Al Horford(8.3); Moses Moody(9.1); Kristaps Porziņģis(13.0),2.8,1.23,0.0639999999999998,-0.2374,主EV=0.06,,,,,,
2026-03-16,NOP,DAL,0.67,🟢 High (Home),0.5,-0.26,-2,Bryce McGowens(6.4),Daniel Gafford(9.3); Kyrie Irving(5.0); Dereck Lively II(5.7); Klay Thompson(7.0),1.2,2.95,-0.1959999999999999,-0.0265,觀望,,,,,,
2026-03-16,HOU,LAL,0.47,Toss-up,3.2,0.38,-4,Steven Adams(8.0); Alperen Şengün(17.1); Jae'Sean Tate(2.2); Fred VanVleet(5.0),Maxi Kleber(2.2),1.55,1.9,-0.2715000000000001,0.0069999999999998,客EV=0.01,,,,,,
2026-03-16,ATL,ORL,0.5,Toss-up,-0.66,-0.31,2,Jonathan Kuminga(9.7),Anthony Black(11.4); Jett Howard(3.8); Jonathan Isaac(2.8); Franz Wagner(16.6),1.55,1.9,-0.2249999999999999,-0.05,觀望,,,,,,
2026-03-16,BOS,PHO,0.59,Toss-up,5.93,-0.13,2,Nikola Vučević(13.8),Dillon Brooks(12.2); Mark Williams(12.0),1.16,3.2,-0.3156000000000001,0.3120000000000003,客EV=0.31★,,,,,,
2026-03-16,LAC,SAS,0.65,🟢 High (Home),-5.48,0.22,-2,Bradley Beal(3.2); Yanic Konan Niederhäuser(3.9); Kawhi Leonard(22.8),David Jones García(3.3); Luke Kornet(9.2),3.1,1.18,1.015,-0.587,主EV=1.02★🔥,,,,,,
2026-03-16,CHI,MEM,0.62,Toss-up,-1.83,-0.49,5,Zach Collins(8.6); Jaden Ivey(6.3); Isaac Okoro(6.7); Collin Sexton(10.6); Anfernee Simons(9.4),Santi Aldama(12.1); Kentavious Caldwell-Pope(6.6); Brandon Clarke(3.1); Walter Clayton(5.8); Zach Edey(13.3); GG Jackson II(8.4); Ja Morant(14.2); Scotty Pippen Jr.(8.7); Jaylen Wells(8.7),1.3,2.5,-0.1939999999999999,-0.05,觀望,,,,,,
2026-03-16,BRK,POR,0.22,🔴 High (Away),-6.78,0.43,-2,Noah Clowney(8.5); Egor Dёmin(7.7); Terance Mann(6.6); Michael Porter Jr.(17.3); Ben Saraf(3.5); Day'Ron Sharpe(9.2),Damian Lillard(5.0); Shaedon Sharpe(13.1),3.3,1.15,-0.274,-0.103,觀望,,,,,,
2026-03-15,PHI,POR,0.45,Toss-up,1.94,0.48,0,Johni Broome(0.2); Andre Drummond(7.5); Joel Embiid(20.4); Tyrese Maxey(22.7); Kelly Oubre Jr.(10.9); Jabari Walker(3.8),Damian Lillard(5.0); Shaedon Sharpe(13.1); Robert Williams(9.1),2.85,1.22,0.2825,-0.3289999999999999,主EV=0.28★,,,,,,
2026-03-15,OKC,MIN,0.72,🟢 High (Home),7.45,0.17,6,Branden Carlson(4.2); Isaiah Hartenstein(11.9); Thomas Sorber(5.0); Jalen Williams(14.3),Anthony Edwards(21.6),1.18,3.1,-0.1504000000000001,-0.1319999999999999,觀望,,,,,,
2026-03-15,NYK,GSW,0.79,🟢 High (Home),5.31,-0.82,6,Josh Hart(11.8); Miles McBride(9.8); Jeremy Sochan(2.8),Jimmy Butler(19.1); Seth Curry(6.9); Stephen Curry(19.7); Draymond Green(7.6); Al Horford(8.3); Moses Moody(9.1); Kristaps Porziņģis(13.0); Quinten Post(5.9),1.09,3.8,-0.1388999999999999,-0.2020000000000001,觀望,,,,,,
2026-03-15,SAC,UTA,0.47,Toss-up,-2.71,-0.46,3,Devin Carter(5.3); Drew Eubanks(4.4); De'Andre Hunter(8.6); Zach LaVine(12.6); Malik Monk(8.4); Keegan Murray(10.5); Domantas Sabonis(14.4),Ace Bailey(8.3); Kyle Filipowski(9.4); Keyonte George(17.7); Jaren Jackson Jr.(13.2); Walker Kessler(15.7); John Konchar(4.8); Lauri Markkanen(20.2); Jusuf Nurkić(11.4),1.58,1.86,-0.2573999999999999,-0.0141999999999998,觀望,,,,,,
2026-03-15,TOR,DET,0.33,🔴 High (Away),-6.11,-0.14,-2,Collin Murray-Boyles(8.1),Isaiah Stewart(8.6); Ausar Thompson(10.4),2.0,1.48,-0.3399999999999999,-0.0084,觀望,,,,,,
2026-03-15,MIL,IND,0.64,Toss-up,3.3,-0.77,8,Giannis Antetokounmpo(23.7); Ousmane Dieng(4.1),Johnny Furphy(4.4); Tyrese Haliburton(5.0); Quenton Jackson(6.7); T.J. McConnell(9.0); Andrew Nembhard(13.5); Aaron Nesmith(8.5); Ben Sheppard(5.3); Pascal Siakam(17.4); Obi Toppin(6.2); Ivica Zubac(13.6),1.25,2.7,-0.1999999999999999,-0.028,觀望,,,,,,
2026-03-15,CLE,DAL,0.9,🟢 High (Home),8.38,0.1,2,Jarrett Allen(15.0); Sam Merrill(9.3); Craig Porter Jr.(6.0); Tyrese Proctor(3.0); Max Strus(5.0); Jaylon Tyson(10.4),Daniel Gafford(9.3); Kyrie Irving(5.0); Dereck Lively II(5.7); Caleb Martin(3.6); Klay Thompson(7.0); P.J. Washington(10.2),,,,,無賠率,,,,,,
2026-03-14,ATL,MIL,0.77,🟢 High (Home),5.61,-0.42,11,Jonathan Kuminga(9.7),Giannis Antetokounmpo(23.7); Ousmane Dieng(4.1); Kevin Porter Jr.(15.7),1.2,2.95,-0.076,-0.3215,觀望,,,,,,
2026-03-14,LAC,SAC,0.88,🟢 High (Home),10.88,-0.45,5,Bradley Beal(3.2); John Collins(10.8); Darius Garland(13.3); Yanic Konan Niederhäuser(3.9),Dylan Cardwell(7.3); Devin Carter(5.3); De'Andre Hunter(8.6); Zach LaVine(12.6); Malik Monk(8.4); Keegan Murray(10.5); Domantas Sabonis(14.4),1.07,4.1,-0.0583999999999998,-0.508,觀望,,,,,,
2026-03-14,BOS,WAS,0.89,🟢 High (Home),18.28,-0.23,8,Baylor Scheierman(4.5); Nikola Vučević(13.8); Derrick White(14.7),Sharife Cooper(5.0); Anthony Davis(17.5); Kyshawn George(10.9); D'Angelo Russell(6.9); Jamir Watkins(4.8); Cam Whitmore(6.2),,,,,無賠率,,,,,,
2026-03-14,SAS,CHO,0.54,Toss-up,3.17,0.06,-3,Dylan Harper(9.2); David Jones García(3.3); Victor Wembanyama(21.0),Ryan Kalkbrenner(9.3); Liam McNeeley(3.0); Tidjane Salaün(5.2); Coby White(11.4),1.32,2.4,-0.2871999999999999,0.1039999999999998,客EV=0.10★,,,,,,
2026-03-14,LAL,DEN,0.52,Toss-up,-3.08,-0.46,2,Jaxson Hayes(7.3); Maxi Kleber(2.2),Aaron Gordon(13.8); Jamal Murray(20.8); Peyton Watson(11.4),1.94,1.52,0.0087999999999999,-0.2704,主EV=0.01,,,,,,
2026-03-14,PHI,BRK,0.78,🟢 High (Home),8.82,0.1,1,Adem Bona(4.9); Johni Broome(0.2); Andre Drummond(7.5); Joel Embiid(20.4); Tyrese Maxey(22.7); Kelly Oubre Jr.(10.9),Ochai Agbaji(3.5); Nic Claxton(12.6); Egor Dёmin(7.7); Michael Porter Jr.(17.3); Drake Powell(4.2); Drake Powell(4.2); Day'Ron Sharpe(9.2),1.18,3.1,-0.0796,-0.318,觀望,,,,,,
2026-03-14,MIA,ORL,0.67,🟢 High (Home),2.12,0.32,1,Tyler Herro(16.4); Nikola Jović(5.1); Norman Powell(15.5); Dru Smith(6.5); Andrew Wiggins(12.8),Anthony Black(11.4); Jonathan Isaac(2.8); Franz Wagner(16.6),1.48,2.0,-0.0083999999999999,-0.3400000000000001,觀望,,,,,,
2026-03-13,HOU,NOP,0.6,Toss-up,9.59,0.32,-3,Steven Adams(8.0); Alperen Şengün(17.1); Jae'Sean Tate(2.2); Fred VanVleet(5.0),Bryce McGowens(6.4),1.26,2.6,-0.244,0.04,客EV=0.04,,,,,,
2026-03-13,IND,NYK,0.17,🔴 High (Away),-14.37,0.23,-12,Johnny Furphy(4.4); Tyrese Haliburton(5.0); Quenton Jackson(6.7); T.J. McConnell(8.9); Aaron Nesmith(8.6); Pascal Siakam(17.4); Obi Toppin(6.2),Josh Hart(11.8); Miles McBride(9.8); Karl-Anthony Towns(16.9),,,,,無賠率,,,,,,
2026-03-13,TOR,PHO,0.63,Toss-up,0.25,-0.15,-6,Scottie Barnes(16.8); Collin Murray-Boyles(8.1),Grayson Allen(12.9); Dillon Brooks(12.2); Mark Williams(12.0),1.43,2.1,-0.0991,-0.2229999999999999,觀望,,,,,,
2026-03-13,DAL,CLE,0.19,🔴 High (Away),-8.72,-0.07,2,Kyrie Irving(5.0); Dereck Lively II(5.7); Klay Thompson(7.1),Jarrett Allen(15.0); Tyrese Proctor(3.0); Max Strus(5.0),,,,,無賠率,,,,,,
2026-03-13,GSW,MIN,0.4,Toss-up,-2.44,0.64,0,Jimmy Butler(19.1); Stephen Curry(19.7); De'Anthony Melton(8.9); Moses Moody(9.1); Quinten Post(5.9),Ayo Dosunmu(11.4),2.35,1.33,-0.0599999999999999,-0.2019999999999999,觀望,,,,,,
2026-03-13,LAC,CHI,0.82,🟢 High (Home),4.61,-0.24,4,Bradley Beal(3.2); John Collins(10.8); Darius Garland(13.3); Yanic Konan Niederhäuser(3.9),Zach Collins(8.6); Jaden Ivey(6.3); Isaac Okoro(6.7); Collin Sexton(10.6); Anfernee Simons(9.4); Patrick Williams(4.8); Guerschon Yabusele(3.7),1.12,3.5,-0.0816,-0.3699999999999999,觀望,,,,,,
2026-03-13,DET,MEM,0.76,🟢 High (Home),9.55,-1.14,8,Caris LeVert(5.5); Ausar Thompson(10.4),Santi Aldama(12.1); Kentavious Caldwell-Pope(6.6); Brandon Clarke(3.1); Walter Clayton(5.8); Cedric Coward(10.6); Zach Edey(13.3); Taj Gibson(5.0); Ty Jerome(16.6); Ja Morant(14.2); Scotty Pippen Jr.(8.7); Cam Spencer(11.0),,,,,無賠率,,,,,,
2026-03-13,POR,UTA,0.78,🟢 High (Home),4.69,-0.81,0,Damian Lillard(5.0); Shaedon Sharpe(13.1),Keyonte George(17.7); Jaren Jackson Jr.(13.2); Walker Kessler(15.7); John Konchar(4.8); Lauri Markkanen(20.2); Jusuf Nurkić(11.4),,,,,無賠率,,,,,,
2026-03-12,MIA,MIL,0.6,Toss-up,8.13,0.38,8,Tyler Herro(16.4); Nikola Jović(5.1); Norman Powell(15.5); Kel'el Ware(11.7); Andrew Wiggins(12.8),Kevin Porter Jr.(16.0); Bobby Portis(10.3); Jericho Sims(4.7),1.3,2.5,-0.2199999999999999,0.0,觀望,,,,,,
2026-03-12,OKC,BOS,0.67,🟢 High (Home),2.88,-0.06,7,Branden Carlson(4.2); Isaiah Hartenstein(11.9); Chet Holmgren(15.4); Thomas Sorber(5.0); Jalen Williams(14.3),Payton Pritchard(14.0); Jayson Tatum(13.4); Nikola Vučević(13.8); Derrick White(14.7),1.28,2.55,-0.1423999999999999,-0.1585000000000002,觀望,,,,,,
2026-03-12,IND,PHO,0.31,🔴 High (Away),-9.31,0.37,-13,Johnny Furphy(4.4); Tyrese Haliburton(5.0); Quenton Jackson(6.7); T.J. McConnell(8.9); Andrew Nembhard(13.5); Aaron Nesmith(8.6); Pascal Siakam(17.4); Ivica Zubac(13.8),Grayson Allen(12.9); Dillon Brooks(12.2); Jordan Goodwin(8.0); Haywood Highsmith(3.8); Mark Williams(12.0),3.1,1.18,-0.039,-0.1858,觀望,,,,,,
2026-03-12,LAL,CHI,0.79,🟢 High (Home),5.01,-0.66,2,Jaxson Hayes(7.3); LeBron James(17.8); Maxi Kleber(2.2); Marcus Smart(7.2),Matas Buzelis(11.7); Zach Collins(8.6); Josh Giddey(16.4); Jaden Ivey(6.3); Isaac Okoro(6.7); Collin Sexton(10.6); Anfernee Simons(9.4); Jalen Smith(9.1); Patrick Williams(4.8); Guerschon Yabusele(3.7),,,,,無賠率,,,,,,
2026-03-12,ORL,WAS,0.88,🟢 High (Home),11.94,-0.32,14,Anthony Black(11.4); Franz Wagner(16.6),Bub Carrington(7.1); Anthony Davis(17.5); Kyshawn George(10.9); D'Angelo Russell(6.9); Jamir Watkins(4.8); Cam Whitmore(6.2),,,,,無賠率,,,,,,
2026-03-12,MEM,DAL,0.6,Toss-up,2.39,1.12,3,Santi Aldama(12.1); Kentavious Caldwell-Pope(6.6); Brandon Clarke(3.1); Walter Clayton(5.8); Cedric Coward(10.6); Zach Edey(13.3); Taj Gibson(5.0); Ty Jerome(16.6); Ja Morant(14.2); Scotty Pippen Jr.(8.7); Cam Spencer(11.0),Kyrie Irving(5.0); Dereck Lively II(5.7); Klay Thompson(7.1),2.2,1.4,0.32,-0.44,主EV=0.32★,,,,,,
2026-03-12,ATL,BRK,0.82,🟢 High (Home),8.98,-0.29,8,Dyson Daniels(12.9); Jonathan Kuminga(10.0),Egor Dёmin(7.7); Michael Porter Jr.(17.3); Day'Ron Sharpe(9.2); Nolan Traoré(5.1); Ziaire Williams(7.0),,,,,無賠率,,,,,,
2026-03-12,SAS,DEN,0.63,Toss-up,3.06,0.28,4,Harrison Barnes(8.1); David Jones García(3.3); Lindy Waters III(1.3); Victor Wembanyama(21.0),Peyton Watson(11.4),1.32,2.4,-0.1684,-0.1119999999999999,觀望,,,,,,
2026-03-12,DET,PHI,0.77,🟢 High (Home),7.06,-0.54,0,Caris LeVert(5.5); Ausar Thompson(10.4),Adem Bona(4.9); Johni Broome(0.2); Joel Embiid(20.4); Tyrese Maxey(22.7); Kelly Oubre Jr.(10.9),,,,,無賠率,,,,,,
2026-03-11,DEN,HOU,0.56,Toss-up,-1.13,0.32,-3,Cameron Johnson(8.6); Jamal Murray(20.6); Peyton Watson(11.4),Steven Adams(8.0); Jae'Sean Tate(2.2); Fred VanVleet(5.0),1.32,2.4,-0.2607999999999999,0.0559999999999998,客EV=0.06,,,,,,
2026-03-11,NOP,TOR,0.62,Toss-up,-6.79,-0.21,2,Bryce McGowens(6.4),Trayce Jackson-Davis(4.3); Collin Murray-Boyles(8.1); Jakob Poeltl(10.5),1.82,1.62,0.1284,-0.3843999999999999,主EV=0.13★,,,,,,
2026-03-11,UTA,NYK,0.31,🔴 High (Away),-13.66,0.77,3,Keyonte George(17.8); Jaren Jackson Jr.(13.2); Walker Kessler(15.7); John Konchar(4.8); Lauri Markkanen(20.2); Jusuf Nurkić(11.4),Josh Hart(11.8); Miles McBride(9.8),,,,,無賠率,,,,,,
2026-03-11,ORL,CLE,0.35,🔴 High (Away),-3.14,0.2,3,Anthony Black(11.4); Colin Castleton(5.0); Jonathan Isaac(2.9); Jase Richardson(3.3); Franz Wagner(16.6),Jarrett Allen(15.0); Tyrese Proctor(3.0); Max Strus(5.0),2.0,1.48,-0.3,-0.038,觀望,,,,,,
2026-03-11,LAC,MIN,0.48,Toss-up,-3.47,0.22,4,Bradley Beal(3.2); John Collins(10.8); Yanic Konan Niederhäuser(3.9),,1.62,1.82,-0.2223999999999999,-0.0535999999999999,觀望,,,,,,
2026-03-11,SAC,CHO,0.26,🔴 High (Away),-13.75,0.52,1,Dylan Cardwell(7.3); De'Andre Hunter(8.6); Zach LaVine(12.6); Malik Monk(8.4); Keegan Murray(10.5); Domantas Sabonis(14.4),Liam McNeeley(3.0); Tidjane Salaün(5.2); Coby White(11.6),,,,,無賠率,,,,,,
2026-03-10,POR,CHO,0.36,Toss-up,-6.53,0.12,3,Damian Lillard(5.0); Shaedon Sharpe(13.1),Liam McNeeley(3.0); Tidjane Salaün(5.2),1.96,1.5,-0.2944,-0.04,觀望,,,,,,
2026-03-10,MIL,PHO,0.49,Toss-up,-5.12,-0.31,-3,Kevin Porter Jr.(16.0); Taurean Prince(4.1),Grayson Allen(13.0); Dillon Brooks(12.2); Jordan Goodwin(8.0); Mark Williams(12.0),1.8,1.63,-0.118,-0.1687,觀望,,,,,,
2026-03-10,BRK,DET,0.45,Toss-up,-15.85,0.11,6,Egor Dёmin(7.7); Michael Porter Jr.(17.4),Caris LeVert(5.5); Ausar Thompson(10.4),,,,,無賠率,,,,,,
2026-03-10,ATL,DAL,0.64,Toss-up,4.52,-0.01,13,Jonathan Kuminga(10.0),Kyrie Irving(5.0); Dereck Lively II(5.7),1.18,3.1,-0.2448,0.1159999999999998,客EV=0.12★,,,,,,
2026-03-10,HOU,TOR,0.55,Toss-up,3.91,-0.1,-2,Steven Adams(8.0); Jae'Sean Tate(2.2); Fred VanVleet(5.0),Trayce Jackson-Davis(4.3); Collin Murray-Boyles(8.1); Jakob Poeltl(10.5),1.38,2.25,-0.241,0.0124999999999999,客EV=0.01,,,,,,
2026-03-10,SAS,BOS,0.51,Toss-up,-1.42,-0.17,2,Harrison Barnes(8.1); David Jones García(3.3); Mason Plumlee(2.8),Payton Pritchard(14.0); Nikola Vučević(13.8),1.5,1.96,-0.235,-0.0396,觀望,,,,,,
2026-03-10,GSW,CHI,0.71,🟢 High (Home),5.28,0.51,-1,Jimmy Butler(19.1); Stephen Curry(19.7); Al Horford(8.4); Moses Moody(9.1); Kristaps Porziņģis(12.8); Will Richard(6.1),Zach Collins(8.6); Jaden Ivey(6.3); Collin Sexton(10.6); Anfernee Simons(9.4),1.3,2.5,-0.077,-0.2749999999999999,觀望,,,,,,
2026-03-10,PHI,MEM,0.73,🟢 High (Home),1.96,-0.5,2,Johni Broome(0.2); VJ Edgecombe(11.9); Joel Embiid(20.4); Tyrese Maxey(22.7),Santi Aldama(12.1); Kentavious Caldwell-Pope(6.6); Brandon Clarke(3.1); Cedric Coward(10.5); Zach Edey(13.3); Taj Gibson(5.0); Taylor Hendricks(5.3); Ty Jerome(16.4); Ja Morant(14.2); Scotty Pippen Jr.(8.7),1.48,2.0,0.0804,-0.4599999999999999,主EV=0.08🔥,,,,,,
2026-03-10,MIA,WAS,0.86,🟢 High (Home),13.67,0.06,13,Simone Fontecchio(6.0); Nikola Jović(5.1); Norman Powell(15.5); Kel'el Ware(11.7); Andrew Wiggins(12.8),Anthony Davis(17.5); Kyshawn George(10.9); D'Angelo Russell(6.9); Jamir Watkins(4.8); Cam Whitmore(6.2),,,,,無賠率,,,,,,
2026-03-10,LAL,MIN,0.47,Toss-up,-3.77,0.13,3,LeBron James(17.8),Kyle Anderson(7.2),1.86,1.58,-0.1258,-0.1625999999999999,觀望,,,,,,
2026-03-10,SAC,IND,0.57,Toss-up,-2.56,-0.22,10,Dylan Cardwell(7.3); De'Andre Hunter(8.6); Zach LaVine(12.6); Keegan Murray(10.5); Domantas Sabonis(14.4),Johnny Furphy(4.4); Tyrese Haliburton(5.0); T.J. McConnell(8.9); Andrew Nembhard(13.5); Pascal Siakam(17.4); Jarace Walker(7.9); Ivica Zubac(13.8),1.46,2.05,-0.1678,-0.1184999999999999,觀望,,,,,,
2026-03-09,CLE,PHI,0.71,🟢 High (Home),4.07,-0.4,0,Jarrett Allen(15.0); Tyrese Proctor(3.0); Max Strus(5.0),Johni Broome(0.2); VJ Edgecombe(11.9); Joel Embiid(20.4); Tyrese Maxey(22.7),1.13,3.4,-0.1977000000000001,-0.0139999999999999,觀望,,,,,,
2026-03-09,UTA,GSW,0.52,Toss-up,-8.51,-0.2,0,Jaren Jackson Jr.(13.2); Walker Kessler(15.7); Lauri Markkanen(20.2); Jusuf Nurkić(11.4); Vince Williams Jr.(6.2),Jimmy Butler(19.1); Seth Curry(7.3); Stephen Curry(19.7); Al Horford(8.4); Moses Moody(9.1); Kristaps Porziņģis(12.8); Will Richard(6.1),2.3,1.35,0.1959999999999999,-0.352,主EV=0.20★,,,,,,
2026-03-09,BRK,MEM,0.43,Toss-up,-6.96,-0.84,4,Egor Dёmin(7.7); Michael Porter Jr.(17.4); Ben Saraf(3.0),Santi Aldama(12.1); Kentavious Caldwell-Pope(6.6); Brandon Clarke(3.1); Cedric Coward(10.5); Zach Edey(13.3); Taj Gibson(5.0); Taylor Hendricks(5.3); Ty Jerome(16.4); Ja Morant(14.2); Scotty Pippen Jr.(8.7),1.78,1.65,-0.2346,-0.0595,觀望,,,,,,
2026-03-09,OKC,DEN,0.7,🟢 High (Home),6.44,0.31,6,Branden Carlson(4.2); Alex Caruso(6.1); Isaiah Hartenstein(11.9); Chet Holmgren(15.4); Thomas Sorber(5.0); Jalen Williams(14.3),Jamal Murray(20.7); Peyton Watson(11.4),1.26,2.6,-0.1180000000000001,-0.2199999999999998,觀望,,,,,,
2026-03-09,LAC,NYK,0.53,Toss-up,-6.35,0.1,2,Bradley Beal(3.2); John Collins(10.8); Yanic Konan Niederhäuser(3.9),Miles McBride(9.8),1.85,1.6,-0.0194999999999998,-0.248,觀望,,,,,,
2026-03-07,MIN,ORL,0.75,🟢 High (Home),3.97,-0.22,3,Kyle Anderson(7.2),Colin Castleton(5.0); Jonathan Isaac(2.9); Franz Wagner(16.6),1.28,2.55,-0.04,-0.3625,觀望,,,,,,
2026-03-07,ATL,PHI,0.61,Toss-up,0.06,-0.28,4,Jonathan Kuminga(10.0),Johni Broome(0.2); VJ Edgecombe(11.9); Joel Embiid(20.4),1.28,2.55,-0.2191999999999999,-0.0055,觀望,,,,,,
2026-03-07,MIL,UTA,0.66,🟢 High (Home),3.14,-0.72,-5,Kevin Porter Jr.(16.0); Taurean Prince(4.1),Isaiah Collier(10.7); Jaren Jackson Jr.(13.2); Walker Kessler(15.7); Lauri Markkanen(20.2); Jusuf Nurkić(11.4); Vince Williams Jr.(6.2),1.15,3.3,-0.241,0.1219999999999998,客EV=0.12★,,,,,,
2026-03-07,OKC,GSW,0.74,🟢 High (Home),9.56,-0.44,3,Branden Carlson(4.2); Alex Caruso(6.1); Isaiah Hartenstein(11.9); Ajay Mitchell(11.6); Thomas Sorber(5.0); Jalen Williams(14.3),Jimmy Butler(19.1); Seth Curry(7.3); Stephen Curry(19.7); De'Anthony Melton(8.7); Moses Moody(9.1); Gary Payton II(5.4); Kristaps Porziņģis(13.2); Will Richard(6.1),,,,,無賠率,,,,,,
2026-03-07,DET,BRK,0.59,Toss-up,16.44,0.51,8,Cade Cunningham(20.6); Jalen Duren(17.2); Ausar Thompson(10.4),Egor Dёmin(7.7),,,,,無賠率,,,,,,
2026-03-07,MEM,LAC,0.34,🔴 High (Away),-2.35,0.29,-1,Santi Aldama(12.1); Kentavious Caldwell-Pope(6.6); Brandon Clarke(3.1); Zach Edey(13.3); Taj Gibson(5.0); Ja Morant(14.2),Bradley Beal(3.2); John Collins(10.8); Darius Garland(13.0); Yanic Konan Niederhäuser(3.9),2.7,1.25,-0.0819999999999998,-0.175,觀望,,,,,,
2026-03-06,HOU,POR,0.76,🟢 High (Home),8.21,-0.32,-2,Steven Adams(8.0); Dorian Finney-Smith(1.7); Jae'Sean Tate(2.2); Fred VanVleet(5.0),Deni Avdija(18.9); Damian Lillard(5.0); Kris Murray(5.7); Shaedon Sharpe(13.1),1.32,2.4,0.0032,-0.424,主EV=0.00🔥,,,,,,
2026-03-06,LAL,IND,0.8,🟢 High (Home),8.32,-0.61,6,Deandre Ayton(11.7); Maxi Kleber(2.2),Johnny Furphy(4.4); Tyrese Haliburton(5.0); Andrew Nembhard(13.5); Aaron Nesmith(8.5); Pascal Siakam(17.4); Ivica Zubac(13.8),1.13,3.4,-0.096,-0.3200000000000002,觀望,,,,,,
2026-03-06,DEN,NYK,0.37,Toss-up,-2.06,0.23,3,Aaron Gordon(14.6); Cameron Johnson(8.7); Spencer Jones(5.1); Peyton Watson(11.4),Josh Hart(11.8); Miles McBride(9.8),1.78,1.65,-0.3414,0.0394999999999998,客EV=0.04,,,,,,
2026-03-06,BOS,DAL,0.88,🟢 High (Home),12.19,-0.32,4,Jayson Tatum(5.0),Marvin Bagley III(10.1); Kyrie Irving(5.0); Dereck Lively II(5.7); Brandon Williams(10.0),,,,,無賠率,,,,,,
2026-03-06,CHO,MIA,0.51,Toss-up,0.59,-0.19,3,Tidjane Salaün(5.2); Grant Williams(6.7),Simone Fontecchio(6.0); Nikola Jović(5.1); Norman Powell(15.5),1.26,2.6,-0.3573999999999999,0.274,客EV=0.27★,,,,,,
2026-03-06,SAS,LAC,0.91,🟢 High (Home),6.18,-0.21,-1,Harrison Barnes(8.1); David Jones García(3.3); Mason Plumlee(2.8),Bradley Beal(3.2); John Collins(10.8); Darius Garland(13.0); Yanic Konan Niederhäuser(3.9),1.23,2.8,0.1192999999999999,-0.7480000000000001,主EV=0.12★🔥,,,,,,
2026-03-06,PHO,NOP,0.59,Toss-up,6.18,0.25,-2,Dillon Brooks(12.2); Jordan Goodwin(8.0); Mark Williams(12.0),Dejounte Murray(12.6),1.32,2.4,-0.2211999999999999,-0.016,觀望,,,,,,
2026-03-05,SAC,NOP,0.17,🔴 High (Away),-5.42,0.67,0,Dylan Cardwell(7.3); De'Andre Hunter(8.6); Zach LaVine(12.6); Keegan Murray(10.5); Domantas Sabonis(14.4),,2.2,1.4,-0.6259999999999999,0.1619999999999999,客EV=0.16★🔥,,,,,,
2026-03-05,PHO,CHI,0.67,🟢 High (Home),4.86,-0.57,3,Dillon Brooks(12.2); Jordan Goodwin(8.0),Matas Buzelis(11.3); Zach Collins(8.6); Josh Giddey(16.2); Jaden Ivey(6.3); Anfernee Simons(9.4); Jalen Smith(9.3); Patrick Williams(5.0),1.12,3.5,-0.2495999999999999,0.1549999999999998,客EV=0.15★,,,,,,
2026-03-05,MIA,BRK,0.83,🟢 High (Home),11.19,0.16,11,Nikola Jović(5.1); Norman Powell(15.5),Egor Dёmin(7.7),,,,,無賠率,,,,,,
2026-03-05,HOU,GSW,0.68,🟢 High (Home),3.79,-0.81,3,Steven Adams(8.0); Jae'Sean Tate(2.2); Fred VanVleet(5.0),Jimmy Butler(19.1); Seth Curry(7.3); Stephen Curry(19.7); Moses Moody(9.1); Gary Payton II(5.4); Kristaps Porziņģis(13.2); Will Richard(6.1),1.18,3.1,-0.1976,-0.0080000000000001,觀望,,,,,,
2026-03-05,SAS,DET,0.57,Toss-up,-2.02,0.18,2,Harrison Barnes(8.1); David Jones García(3.3); Mason Plumlee(2.8),,1.48,2.0,-0.1564000000000001,-0.1399999999999999,觀望,,,,,,
2026-03-05,ORL,DAL,0.75,🟢 High (Home),3.62,-0.28,5,Anthony Black(11.7); Wendell Carter Jr.(10.2); Colin Castleton(5.0); Franz Wagner(16.6),Marvin Bagley III(10.1); Cooper Flagg(15.8); Kyrie Irving(5.0); Dereck Lively II(5.7); Naji Marshall(12.6); Klay Thompson(6.8); Brandon Williams(10.0),1.2,2.95,-0.1,-0.2624999999999999,觀望,,,,,,
2026-03-05,DEN,LAL,0.48,Toss-up,3.92,0.5,-2,Aaron Gordon(14.6); Cameron Johnson(8.7); Spencer Jones(5.1); Peyton Watson(11.4),,1.38,2.25,-0.3376000000000001,0.1699999999999999,客EV=0.17★,,,,,,
2026-03-05,MIN,TOR,0.73,🟢 High (Home),2.42,-0.3,5,,Brandon Ingram(15.6); Collin Murray-Boyles(8.1),1.3,2.5,-0.051,-0.3249999999999999,觀望,,,,,,
2026-03-05,WAS,UTA,0.3,🔴 High (Away),-2.85,0.05,1,Anthony Davis(17.5); Kyshawn George(10.9); Anthony Gill(3.6); D'Angelo Russell(6.9); Alex Sarr(14.7); Tristan Vukcevic(5.9); Jamir Watkins(4.8); Cam Whitmore(6.2),Jaren Jackson Jr.(13.2); Walker Kessler(15.7); Lauri Markkanen(20.2); Jusuf Nurkić(11.4); Vince Williams Jr.(6.2),1.56,1.88,-0.532,0.3159999999999998,客EV=0.32★🔥,,,,,,
2026-03-04,MIL,ATL,0.4,Toss-up,-3.4,0.05,-7,Taurean Prince(4.1),,1.68,1.75,-0.3279999999999999,0.05,客EV=0.05,,,,,,
2026-03-04,LAC,IND,0.78,🟢 High (Home),7.45,-0.71,8,Bradley Beal(3.2); John Collins(10.8),Johnny Furphy(4.4); Tyrese Haliburton(5.0); Andrew Nembhard(13.7); Aaron Nesmith(8.8); Pascal Siakam(17.3); Obi Toppin(7.8); Ivica Zubac(13.8),,,,,無賠率,,,,,,
2026-03-04,MEM,POR,0.57,Toss-up,0.51,0.15,1,Santi Aldama(12.1); Kentavious Caldwell-Pope(6.6); Brandon Clarke(3.1); Zach Edey(13.3); Taj Gibson(5.0); Ja Morant(14.2),Deni Avdija(18.9); Damian Lillard(5.0); Kris Murray(5.7); Shaedon Sharpe(13.1),2.85,1.22,0.6244999999999998,-0.4753999999999999,主EV=0.62★,,,,,,
2026-03-04,BOS,CHO,0.73,🟢 High (Home),4.72,0.05,-2,Neemias Queta(11.3); Jayson Tatum(5.0),Coby White(11.9),1.28,2.55,-0.0655999999999999,-0.3115,觀望,,,,,,
2026-03-04,NYK,OKC,0.57,Toss-up,-4.76,-0.81,0,Miles McBride(9.8),Branden Carlson(4.2); Shai Gilgeous-Alexander(27.0); Isaiah Hartenstein(12.2); Ajay Mitchell(11.6); Thomas Sorber(5.0); Jalen Williams(14.3),2.15,1.42,0.2254999999999998,-0.3893999999999999,主EV=0.23★,,,,,,
2026-03-04,PHI,UTA,0.84,🟢 High (Home),8.18,-0.29,4,Johni Broome(0.2); VJ Edgecombe(11.9); Joel Embiid(20.4); Kelly Oubre Jr.(10.7),Jaren Jackson Jr.(13.2); Walker Kessler(15.7); Lauri Markkanen(20.2); Jusuf Nurkić(11.4); Vince Williams Jr.(6.2),1.16,3.2,-0.0256,-0.4879999999999999,觀望,,,,,,
2026-03-03,TOR,NYK,0.55,Toss-up,-4.19,-0.02,-1,Collin Murray-Boyles(8.1),Miles McBride(9.8),1.88,1.56,0.034,-0.298,主EV=0.03,,,,,,
2026-03-03,PHI,SAS,0.22,🔴 High (Away),-5.35,0.18,0,Johni Broome(0.2); Joel Embiid(20.4),David Jones García(3.3); Mason Plumlee(2.8),2.85,1.22,-0.373,-0.0484,觀望,,,,,,
2026-03-03,LAL,NOP,0.76,🟢 High (Home),4.99,-0.22,3,,Zion Williamson(17.8),1.2,2.95,-0.088,-0.292,觀望,,,,,,
2026-03-03,CHI,OKC,0.25,🔴 High (Away),-15.46,-0.45,-1,Zach Collins(8.6); Jaden Ivey(6.3); Anfernee Simons(9.4); Jalen Smith(9.3); Patrick Williams(5.0),Branden Carlson(4.2); Shai Gilgeous-Alexander(27.0); Isaiah Hartenstein(12.2); Ajay Mitchell(11.6); Thomas Sorber(5.0); Jalen Williams(14.3),3.2,1.16,-0.1999999999999999,-0.1300000000000001,觀望,,,,,,
2026-03-03,SAC,PHO,0.35,🔴 High (Away),-11.13,0.4,-2,Dylan Cardwell(7.3); De'Andre Hunter(8.6); Zach LaVine(12.6); Keegan Murray(10.5); Domantas Sabonis(14.4),Dillon Brooks(12.2); Jordan Goodwin(8.0); Khaman Maluach(1.4),3.3,1.15,0.1549999999999998,-0.2525,主EV=0.15★,,,,,,
2026-03-03,MIN,MEM,0.69,🟢 High (Home),6.37,-1.02,1,,Santi Aldama(12.1); Kentavious Caldwell-Pope(6.6); Brandon Clarke(3.1); Cedric Coward(10.6); Zach Edey(13.3); Taj Gibson(5.0); Ty Jerome(17.0); Ja Morant(14.2),,,,,無賠率,,,,,,
2026-03-03,CHO,DAL,0.67,🟢 High (Home),6.35,-0.73,7,Coby White(11.9),Marvin Bagley III(10.1); Cooper Flagg(15.8); Kyrie Irving(5.0); Dereck Lively II(5.7); Naji Marshall(12.6); Caleb Martin(3.8); Klay Thompson(6.8); P.J. Washington(10.6),1.13,3.4,-0.2429,0.1219999999999998,客EV=0.12★,,,,,,
2026-03-03,MIA,BRK,0.84,🟢 High (Home),11.14,0.11,9,Nikola Jović(5.1); Davion Mitchell(9.2); Norman Powell(15.5),Nic Claxton(13.2); Egor Dёmin(7.7),,,,,無賠率,,,,,,
2026-03-03,ORL,WAS,0.86,🟢 High (Home),10.71,-0.54,3,Anthony Black(11.7); Colin Castleton(5.0); Franz Wagner(16.6),Leaky Black(5.8); Anthony Davis(17.5); Anthony Gill(3.6); D'Angelo Russell(6.9); Alex Sarr(14.7); Tristan Vukcevic(5.9); Cam Whitmore(6.2); Trae Young(16.0),,,,,無賠率,,,,,,
2026-03-03,CLE,DET,0.55,Toss-up,-3.54,0.4,-2,Donovan Mitchell(21.2); Max Strus(5.0); Dean Wade(6.1),,1.85,1.6,0.0175,-0.28,主EV=0.02,,,,,,
2026-03-02,UTA,DEN,0.21,🔴 High (Away),-12.07,0.27,-3,Jaren Jackson Jr.(13.2); Walker Kessler(15.7); Lauri Markkanen(20.2); Jusuf Nurkić(11.4); Vince Williams Jr.(6.2),Tamar Bates(5.0); Aaron Gordon(14.6); Cameron Johnson(8.7); Spencer Jones(5.1); Peyton Watson(11.4),3.5,1.12,-0.265,-0.1151999999999998,觀望,,,,,,
2026-03-02,GSW,LAC,0.49,Toss-up,2.59,0.61,-2,Jimmy Butler(19.1); Seth Curry(7.3); Stephen Curry(19.7); Kristaps Porziņģis(13.2); Will Richard(6.1),Bradley Beal(3.2); Darius Garland(13.4),1.8,1.63,-0.118,-0.1687,觀望,,,,,,
2026-03-02,MIL,BOS,0.44,Toss-up,-11.28,0.31,-4,Giannis Antetokounmpo(24.5); Thanasis Antetokounmpo(1.3); Taurean Prince(4.1),Jayson Tatum(5.0),2.85,1.22,0.254,-0.3167999999999999,主EV=0.25★,,,,,,
2026-03-02,WAS,HOU,0.33,🔴 High (Away),-16.1,0.75,-3,Leaky Black(5.8); Anthony Davis(17.5); Kyshawn George(10.9); Anthony Gill(3.6); D'Angelo Russell(6.9); Alex Sarr(14.7); Tristan Vukcevic(5.9); Cam Whitmore(6.2); Trae Young(16.0),Steven Adams(8.0); Jabari Smith Jr.(12.0); Jae'Sean Tate(2.2); Fred VanVleet(5.0),,,,,無賠率,,,,,,
2026-03-01,ATL,POR,0.58,Toss-up,1.18,-0.03,4,Nickeil Alexander-Walker(14.1); Jalen Johnson(20.6),Deni Avdija(18.9); Damian Lillard(5.0); Shaedon Sharpe(13.1),1.33,2.35,-0.2286,-0.0129999999999999,觀望,,,,,,
2026-03-01,BOS,PHI,0.72,🟢 High (Home),6.38,-0.15,-2,Baylor Scheierman(4.0); Jayson Tatum(5.0),Johni Broome(0.2); Joel Embiid(20.4),1.2,2.95,-0.136,-0.1739999999999998,觀望,,,,,,
2026-03-01,LAC,NOP,0.79,🟢 High (Home),4.83,-0.23,-7,Bradley Beal(3.2); John Collins(10.8); Darius Garland(13.4),Trey Murphy III(17.5); Dejounte Murray(10.4); Zion Williamson(17.8),1.22,2.85,-0.0362,-0.4015000000000001,觀望,,,,,,
2026-03-01,LAL,SAC,0.79,🟢 High (Home),10.26,-0.56,0,Rui Hachimura(8.4),Dylan Cardwell(7.3); De'Andre Hunter(8.6); Zach LaVine(12.6); Keegan Murray(10.5); Domantas Sabonis(14.4),,,,,無賠率,,,,,,
2026-03-01,BRK,CLE,0.21,🔴 High (Away),-12.41,-0.45,-5,Nic Claxton(13.2); Egor Dёmin(7.7),Keon Ellis(4.5); James Harden(19.7); Donovan Mitchell(21.2); Max Strus(5.0); Dean Wade(6.1),3.5,1.12,-0.265,-0.1151999999999998,觀望,,,,,,
2026-03-01,NYK,SAS,0.64,Toss-up,-0.59,0.05,-10,Miles McBride(9.8),David Jones García(3.3); Mason Plumlee(2.8),1.8,1.63,0.1520000000000001,-0.4132,主EV=0.15★,,,,,,
2026-03-01,CHI,MIL,0.54,Toss-up,-1.35,0.12,-10,Zach Collins(8.6); Jaden Ivey(6.3); Anfernee Simons(9.4); Jalen Smith(9.3); Patrick Williams(5.0),Giannis Antetokounmpo(24.5); Taurean Prince(4.1),2.0,1.48,0.08,-0.3192,主EV=0.08,,,,,,
2026-03-01,IND,MEM,0.54,Toss-up,-4.77,-0.24,-6,Johnny Furphy(4.4); Tyrese Haliburton(5.0); Andrew Nembhard(13.7); Aaron Nesmith(8.8); Pascal Siakam(17.3); Ivica Zubac(13.8),Santi Aldama(12.1); Kentavious Caldwell-Pope(6.6); Brandon Clarke(3.1); Cedric Coward(10.6); Zach Edey(13.3); Taj Gibson(5.0); Ty Jerome(17.0); Ja Morant(14.2),1.73,1.7,-0.0657999999999999,-0.218,觀望,,,,,,
2026-03-01,DEN,MIN,0.45,Toss-up,0.58,0.28,-3,Tamar Bates(5.0); Aaron Gordon(14.6); Cameron Johnson(9.0); Peyton Watson(11.4),Julius Randle(17.3),1.5,1.96,-0.3249999999999999,0.078,客EV=0.08,,,,,,
2026-03-01,DAL,OKC,0.18,🔴 High (Away),-14.2,0.44,-3,Marvin Bagley III(10.1); Cooper Flagg(15.8); Kyrie Irving(5.0); Dereck Lively II(5.7); Naji Marshall(12.6); Caleb Martin(3.6); Klay Thompson(6.9); P.J. Washington(10.6),Branden Carlson(4.2); Ajay Mitchell(11.6); Thomas Sorber(5.0); Jalen Williams(14.3),,,,,無賠率,,,,,,
2026-03-01,ORL,DET,0.34,🔴 High (Away),-7.38,0.27,-3,Colin Castleton(5.0); Franz Wagner(16.6),,2.28,1.36,-0.2248,-0.1024,觀望,,,,,,
2026-02-28,UTA,NOP,0.42,Toss-up,-1.99,0.63,-7,Keyonte George(18.0); Jaren Jackson Jr.(13.2); Walker Kessler(15.7); Lauri Markkanen(20.2); Jusuf Nurkić(11.4); Vince Williams Jr.(6.2),Yves Missi(6.7); Trey Murphy III(17.5); Dejounte Murray(10.4),2.5,1.3,0.05,-0.2459999999999998,主EV=0.05,,,,,,
2026-02-28,MIA,HOU,0.57,Toss-up,-3.04,-0.08,-5,Nikola Jović(5.1); Norman Powell(15.5),Steven Adams(8.0); Jabari Smith Jr.(12.0); Jae'Sean Tate(2.2); Fred VanVleet(5.0),2.0,1.48,0.1399999999999999,-0.3635999999999999,主EV=0.14★,,,,,,
2026-02-28,GSW,LAL,0.29,🔴 High (Away),2.21,0.74,4,Jimmy Butler(19.1); LJ Cryer(1.1); Seth Curry(7.3); Stephen Curry(19.7); Draymond Green(7.3); Kristaps Porziņģis(13.2),Rui Hachimura(8.4),2.1,1.43,-0.391,0.0152999999999998,客EV=0.02🔥,,,,,,
2026-02-28,WAS,TOR,0.14,🔴 High (Away),-11.93,0.94,-1,Anthony Davis(17.5); Kyshawn George(10.9); Will Riley(5.5); D'Angelo Russell(6.9); Alex Sarr(14.7); Tristan Vukcevic(5.7); Cam Whitmore(6.2); Trae Young(16.0),Collin Murray-Boyles(8.1),,,,,無賠率,,,,,,
2026-02-28,CHO,POR,0.79,🟢 High (Home),4.87,-0.6,2,Liam McNeeley(3.0),Deni Avdija(18.9); Donovan Clingan(13.7); Damian Lillard(5.0); Shaedon Sharpe(13.1),1.23,2.8,-0.0282999999999999,-0.4120000000000001,觀望,,,,,,
2026-02-27,DET,CLE,0.73,🟢 High (Home),3.4,-0.77,2,,James Harden(19.7); Donovan Mitchell(21.2); Evan Mobley(15.7); Max Strus(5.0),1.3,2.5,-0.051,-0.3249999999999999,觀望,,,,,,
2026-02-27,DAL,MEM,0.74,🟢 High (Home),-0.86,-0.18,2,Cooper Flagg(15.8); Daniel Gafford(8.4); Kyrie Irving(5.0); Dereck Lively II(5.7); P.J. Washington(10.6),Santi Aldama(12.1); Kentavious Caldwell-Pope(6.6); Brandon Clarke(3.1); Cedric Coward(10.6); Zach Edey(13.3); Ja Morant(14.2),1.35,2.3,-0.001,-0.402,觀望,,,,,,
2026-02-27,BOS,BRK,0.93,🟢 High (Home),15.68,0.06,5,Jayson Tatum(5.0),,,,,,無賠率,,,,,,
2026-02-27,OKC,DEN,0.77,🟢 High (Home),6.9,0.26,-2,Branden Carlson(4.2); Alex Caruso(6.2); Isaiah Hartenstein(12.2); Chet Holmgren(15.3); Isaiah Joe(8.3); Ajay Mitchell(11.6); Thomas Sorber(5.0); Jalen Williams(14.3),Tamar Bates(5.0); Aaron Gordon(14.6); Jamal Murray(20.5); Jalen Pickett(4.8); Peyton Watson(11.4),1.23,2.8,-0.0528999999999999,-0.3560000000000001,觀望,,,,,,
2026-02-27,MIL,NYK,0.47,Toss-up,-9.06,0.24,3,Giannis Antetokounmpo(24.5); Taurean Prince(4.1),Miles McBride(9.8),2.8,1.23,0.3159999999999998,-0.3480999999999999,主EV=0.32★,,,,,,
2026-02-26,BRK,SAS,0.1,🔴 High (Away),-14.15,-0.08,-15,,David Jones García(3.3); Mason Plumlee(2.8),4.1,1.07,-0.5900000000000001,-0.0369999999999999,觀望,,,,,,
2026-02-26,UTA,NOP,0.52,Toss-up,-1.64,0.76,-5,Keyonte George(18.0); Jaren Jackson Jr.(13.2); Walker Kessler(15.7); Lauri Markkanen(20.2); Jusuf Nurkić(11.4); Vince Williams Jr.(6.2),Yves Missi(6.7); Trey Murphy III(17.5),2.2,1.4,0.1440000000000001,-0.328,主EV=0.14★,,,,,,
2026-02-26,DAL,SAC,0.73,🟢 High (Home),7.09,0.0,3,Cooper Flagg(15.8); Daniel Gafford(8.4); Kyrie Irving(5.0); Dereck Lively II(5.7); Khris Middleton(8.1); P.J. Washington(10.6),Dylan Cardwell(7.3); De'Andre Hunter(8.6); Zach LaVine(12.6); Keegan Murray(10.5); Domantas Sabonis(14.4),1.26,2.6,-0.0802,-0.2979999999999999,觀望,,,,,,
2026-02-26,ATL,WAS,0.78,🟢 High (Home),8.71,-0.45,4,Nickeil Alexander-Walker(14.1); Jalen Johnson(20.6); Zaccharie Risacher(7.1),Anthony Davis(17.5); Kyshawn George(10.9); D'Angelo Russell(6.9); Alex Sarr(14.7); Tristan Vukcevic(5.7); Cam Whitmore(6.2); Trae Young(16.0),1.1,3.65,-0.1419999999999999,-0.197,觀望,,,,,,
2026-02-26,IND,CHO,0.31,🔴 High (Away),-9.18,0.87,-6,Johnny Furphy(4.4); Tyrese Haliburton(5.0); Andrew Nembhard(13.7); Aaron Nesmith(8.8); Pascal Siakam(17.3); Obi Toppin(9.2); Ivica Zubac(13.8),Liam McNeeley(3.0),,,,,無賠率,,,,,,
2026-02-26,LAC,MIN,0.41,Toss-up,-4.51,0.62,-3,Bradley Beal(3.2); John Collins(10.8); Darius Garland(13.4); Kawhi Leonard(22.4),,2.28,1.36,-0.0652000000000001,-0.1975999999999999,觀望,,,,,,
2026-02-26,ORL,HOU,0.57,Toss-up,-4.83,0.01,0,Colin Castleton(5.0); Jalen Suggs(12.1); Franz Wagner(16.6),Steven Adams(8.0); Dorian Finney-Smith(1.6); Jae'Sean Tate(2.2); Amen Thompson(16.1); Fred VanVleet(5.0),1.88,1.56,0.0715999999999998,-0.3291999999999999,主EV=0.07,,,,,,
2026-02-26,CHI,POR,0.5,Toss-up,-1.7,-0.1,-9,Zach Collins(8.6); Jaden Ivey(6.3); Anfernee Simons(9.4); Jalen Smith(9.3); Patrick Williams(5.0),Deni Avdija(18.9); Yang Hansen(0.7); Damian Lillard(5.0); Shaedon Sharpe(13.1); Robert Williams(8.5),2.1,1.43,0.05,-0.285,主EV=0.05,,,,,,
2026-02-26,PHO,LAL,0.46,Toss-up,1.46,0.4,0,Cole Anthony(4.5); Devin Booker(17.5); Dillon Brooks(12.2); Jordan Goodwin(8.0); Haywood Highsmith(5.0),Rui Hachimura(8.4); Jaxson Hayes(7.0),2.2,1.4,0.0120000000000002,-0.244,主EV=0.01,,,,,,
2026-02-26,PHI,MIA,0.48,Toss-up,-2.35,0.08,3,Johni Broome(0.2); Joel Embiid(20.4),Nikola Jović(5.1); Davion Mitchell(9.4),1.62,1.82,-0.2223999999999999,-0.0535999999999999,觀望,,,,,,
2026-02-25,HOU,SAC,0.91,🟢 High (Home),15.66,-0.2,0,Steven Adams(8.0); Jae'Sean Tate(2.2); Amen Thompson(16.1); Fred VanVleet(5.0),Dylan Cardwell(7.3); Devin Carter(4.5); De'Andre Hunter(8.6); Zach LaVine(12.6); Domantas Sabonis(14.4),,,,,無賠率,,,,,,
2026-02-25,MEM,GSW,0.5,Toss-up,-3.98,0.13,-1,Santi Aldama(12.1); Kyle Anderson(7.6); Kentavious Caldwell-Pope(6.6); Brandon Clarke(3.1); Cedric Coward(10.6); Cedric Coward(10.6); Zach Edey(13.3); Ja Morant(14.2),Jimmy Butler(19.1); Seth Curry(7.3); Stephen Curry(19.7); Al Horford(8.0); Kristaps Porziņģis(13.2),2.05,1.46,0.0249999999999999,-0.27,主EV=0.02,,,,,,
2026-02-25,TOR,SAS,0.39,Toss-up,-4.11,0.26,-10,Scottie Barnes(17.3); Jakob Poeltl(9.5),David Jones García(3.3); Mason Plumlee(2.8),2.6,1.26,0.014,-0.2314,主EV=0.01,,,,,,
2026-02-25,DEN,BOS,0.38,Toss-up,-2.76,0.46,-5,Tamar Bates(5.0); Aaron Gordon(14.6); Jamal Murray(20.9); Jalen Pickett(4.8); Julian Strawther(5.1); Peyton Watson(11.4),Jaylen Brown(19.7); Jayson Tatum(5.0),1.46,2.05,-0.4452,0.2709999999999999,客EV=0.27★,,,,,,
2026-02-25,MIL,CLE,0.24,🔴 High (Away),-7.62,0.3,0,Giannis Antetokounmpo(24.5); Taurean Prince(4.1),Max Strus(5.0),2.95,1.2,-0.292,-0.088,觀望,,,,,,
2026-02-25,DET,OKC,0.6,Toss-up,-3.31,-0.72,-4,,Shai Gilgeous-Alexander(26.9); Ajay Mitchell(11.6); Thomas Sorber(5.0); Jalen Williams(14.3),1.23,2.8,-0.262,0.1199999999999998,客EV=0.12★,,,,,,
2026-02-24,PHO,BOS,0.24,🔴 High (Away),-5.84,0.44,-4,Grayson Allen(12.9); Cole Anthony(4.5); Devin Booker(17.5); Dillon Brooks(12.2); Jordan Goodwin(8.0); Haywood Highsmith(5.0),Jaylen Brown(19.7); Jayson Tatum(5.0),2.5,1.3,-0.4,-0.0119999999999999,觀望,,,,,,
2026-02-24,LAL,ORL,0.55,Toss-up,-0.34,-0.33,-2,Jaxson Hayes(7.0),Colin Castleton(5.0); Jalen Suggs(12.1); Franz Wagner(16.6),1.38,2.25,-0.241,0.0124999999999999,客EV=0.01,,,,,,
2026-02-24,NOP,GSW,0.52,Toss-up,-7.72,-0.7,0,Yves Missi(6.7); Trey Murphy III(17.5); Micah Peavy(3.2),Jimmy Butler(19.1); Seth Curry(7.3); Stephen Curry(19.7); Draymond Green(7.2); Al Horford(8.0); De'Anthony Melton(8.5); Kristaps Porziņģis(13.2),1.78,1.65,-0.0743999999999999,-0.208,觀望,,,,,,
2026-02-24,IND,PHI,0.27,🔴 High (Away),-7.21,0.88,-4,Johnny Furphy(4.4); Tyrese Haliburton(5.0); Kam Jones(2.8); T.J. McConnell(9.2); Andrew Nembhard(13.7); Aaron Nesmith(8.8); Micah Potter(6.8); Pascal Siakam(17.3); Obi Toppin(9.2); Ivica Zubac(13.8),Johni Broome(0.2); Joel Embiid(20.4),3.2,1.16,-0.1359999999999999,-0.1532000000000001,觀望,,,,,,
2026-02-24,CLE,NYK,0.48,Toss-up,-1.47,-0.06,-3,Max Strus(5.0),Miles McBride(9.8),1.43,2.1,-0.3136000000000001,0.092,客EV=0.09,,,,,,
2026-02-24,CHI,CHO,0.34,🔴 High (Away),-5.74,0.11,-10,Zach Collins(8.6); Jaden Ivey(6.3); Anfernee Simons(9.4); Jalen Smith(9.3),Ryan Kalkbrenner(9.7); Liam McNeeley(3.0); Coby White(12.3),2.85,1.22,-0.0309999999999999,-0.1948,觀望,,,,,,
2026-02-24,MIL,MIA,0.39,Toss-up,-5.62,0.18,-4,Giannis Antetokounmpo(24.5); Taurean Prince(4.1),Nikola Jović(5.1); Davion Mitchell(9.4),2.35,1.33,-0.0834999999999999,-0.1886999999999999,觀望,,,,,,
2026-02-24,POR,MIN,0.18,🔴 High (Away),-7.29,0.32,2,Deni Avdija(18.9); Damian Lillard(5.0); Shaedon Sharpe(13.1),Naz Reid(11.5),2.4,1.32,-0.5680000000000001,0.0824,客EV=0.08🔥,,,,,,
2026-02-24,ATL,WAS,0.66,🟢 High (Home),8.35,-0.83,2,Jonathan Kuminga(8.5),Justin Champagnie(7.8); Anthony Davis(17.5); D'Angelo Russell(6.9); Alex Sarr(14.7); Tristan Vukcevic(5.8); Cam Whitmore(6.2); Trae Young(16.0),,,,,無賠率,,,,,,
2026-02-24,TOR,OKC,0.49,Toss-up,-9.96,-0.87,0,Jakob Poeltl(9.5),Alex Caruso(6.0); Shai Gilgeous-Alexander(26.9); Chet Holmgren(15.4); Ajay Mitchell(11.6); Thomas Sorber(5.0); Jalen Williams(14.3),1.7,1.73,-0.167,-0.1177,觀望,,,,,,
2026-02-24,BRK,DAL,0.46,Toss-up,-4.52,-0.4,-5,Ziaire Williams(6.6),Cooper Flagg(15.8); Daniel Gafford(8.4); Kyrie Irving(5.0); Dereck Lively II(5.7); Caleb Martin(3.5),1.8,1.63,-0.1719999999999999,-0.1198,觀望,,,,,,
2026-02-23,DET,SAS,0.64,Toss-up,2.05,-0.09,-3,,David Jones García(3.3); Mason Plumlee(2.8); Lindy Waters III(1.1),1.65,1.78,0.056,-0.3591999999999999,主EV=0.06,,,,,,
2026-02-23,MEM,SAC,0.6,Toss-up,8.75,0.31,15,Santi Aldama(12.1); Kyle Anderson(7.6); Kentavious Caldwell-Pope(6.6); Brandon Clarke(3.1); Cedric Coward(10.6); Zach Edey(13.3); Ja Morant(14.2),Dylan Cardwell(7.3); De'Andre Hunter(8.6); Zach LaVine(12.6); Domantas Sabonis(14.4),1.4,2.2,-0.16,-0.1199999999999998,觀望,,,,,,
2026-02-23,HOU,UTA,0.74,🟢 High (Home),12.35,-0.79,1,Steven Adams(8.0); Jae'Sean Tate(2.2); Fred VanVleet(5.0),Keyonte George(18.0); Jaren Jackson Jr.(13.2); Walker Kessler(15.7); Lauri Markkanen(20.2); Jusuf Nurkić(11.4),,,,,無賠率,,,,,,
2026-02-22,WAS,CHO,0.21,🔴 High (Away),-12.15,0.88,4,Justin Champagnie(7.8); Anthony Davis(17.5); Kyshawn George(11.1); D'Angelo Russell(6.9); Alex Sarr(14.7); Tristan Vukcevic(5.8); Cam Whitmore(6.2); Trae Young(16.0),Liam McNeeley(3.0); Coby White(12.3),3.4,1.13,-0.286,-0.1073,觀望,,,,,,
2026-02-22,IND,DAL,0.48,Toss-up,-3.8,0.53,8,Johnny Furphy(4.4); Tyrese Haliburton(5.0); Kam Jones(2.4); T.J. McConnell(9.2); Andrew Nembhard(13.5); Aaron Nesmith(8.8); Micah Potter(7.1); Pascal Siakam(17.2); Obi Toppin(9.2); Ivica Zubac(13.8),Max Christie(10.0); Cooper Flagg(15.8); Daniel Gafford(8.4); Kyrie Irving(5.0); Dereck Lively II(5.7); Caleb Martin(3.4),1.85,1.6,-0.1119999999999999,-0.1679999999999999,觀望,,,,,,
2026-02-22,CHI,NYK,0.33,🔴 High (Away),-9.69,0.18,-9,Zach Collins(8.6); Jaden Ivey(6.3); Anfernee Simons(9.4),Miles McBride(9.8),3.3,1.15,0.0889999999999999,-0.2295000000000001,主EV=0.09,,,,,,
2026-02-22,LAC,ORL,0.43,Toss-up,-0.7,0.2,0,Bradley Beal(3.2); John Collins(10.8); Darius Garland(13.4); Kawhi Leonard(22.3),Colin Castleton(5.0); Jalen Suggs(12.1); Franz Wagner(16.6),1.46,2.05,-0.3722,0.1685000000000001,客EV=0.17★,,,,,,
2026-02-22,LAL,BOS,0.37,Toss-up,-7.17,-0.06,0,,Jayson Tatum(5.0),1.82,1.62,-0.3266,0.0206000000000001,客EV=0.02,,,,,,
2026-02-22,MIN,PHI,0.7,🟢 High (Home),4.28,-0.25,7,,Joel Embiid(20.4),1.2,2.95,-0.16,-0.1149999999999997,觀望,,,,,,
2026-02-22,PHO,POR,0.54,Toss-up,3.1,0.12,2,Cole Anthony(4.5); Devin Booker(17.5); Dillon Brooks(12.2); Jordan Goodwin(8.0); Haywood Highsmith(5.0),Deni Avdija(19.3); Damian Lillard(5.0); Shaedon Sharpe(13.1),2.0,1.48,0.08,-0.3192,主EV=0.08,,,,,,
2026-02-22,GSW,DEN,0.38,Toss-up,-1.96,0.03,-3,Jimmy Butler(19.1); Seth Curry(7.3); Stephen Curry(19.7); Kristaps Porziņģis(13.2),Tamar Bates(5.0); Aaron Gordon(14.6); Jamal Murray(21.1); Jalen Pickett(4.8); Peyton Watson(11.4),2.3,1.35,-0.1260000000000001,-0.1629999999999999,觀望,,,,,,
2026-02-22,OKC,CLE,0.51,Toss-up,6.96,0.74,-6,Alex Caruso(6.0); Shai Gilgeous-Alexander(26.9); Ajay Mitchell(11.6); Thomas Sorber(5.0); Jalen Williams(14.3),Max Strus(5.0),2.0,1.48,0.02,-0.2748,主EV=0.02,,,,,,
2026-02-22,ATL,BRK,0.73,🟢 High (Home),6.75,0.02,2,Jonathan Kuminga(8.5),Ziaire Williams(6.6),1.18,3.1,-0.1386,-0.1629999999999999,觀望,,,,,,
2026-02-22,MIL,TOR,0.42,Toss-up,-4.79,0.27,2,Giannis Antetokounmpo(24.5); Taurean Prince(4.1); Myles Turner(10.4),Scottie Barnes(17.4),1.94,1.52,-0.1852,-0.1183999999999998,觀望,,,,,,
2026-02-21,SAS,SAC,0.8,🟢 High (Home),15.7,-0.45,22,David Jones García(3.3); Mason Plumlee(2.8); Lindy Waters III(1.1),Dylan Cardwell(7.3); De'Andre Hunter(8.6); Zach LaVine(12.6); Domantas Sabonis(14.4),,,,,無賠率,,,,,,
2026-02-21,PHO,ORL,0.5,Toss-up,2.12,0.23,-3,Grayson Allen(12.7); Cole Anthony(4.5); Devin Booker(17.5); Haywood Highsmith(5.0),Colin Castleton(5.0); Franz Wagner(16.6),1.62,1.82,-0.1899999999999999,-0.0899999999999999,觀望,,,,,,
2026-02-21,NYK,HOU,0.63,Toss-up,1.18,-0.04,-2,Miles McBride(9.8),Steven Adams(8.0); Fred VanVleet(5.0),1.48,2.0,-0.0676,-0.26,觀望,,,,,,
2026-02-21,MIA,MEM,0.74,🟢 High (Home),4.21,-1.08,1,,Santi Aldama(12.1); Kentavious Caldwell-Pope(6.6); Brandon Clarke(3.1); Cedric Coward(10.6); Zach Edey(13.3); Ty Jerome(17.5); Ja Morant(14.2); Scotty Pippen Jr.(9.1),1.15,3.3,-0.149,-0.142,觀望,,,,,,
2026-02-21,NOP,PHI,0.6,Toss-up,-6.22,0.15,1,Yves Missi(6.7); Trey Murphy III(17.5); Dejounte Murray(5.0); Micah Peavy(3.2),Joel Embiid(20.4),2.07,1.45,0.2419999999999997,-0.42,主EV=0.24★,,,,,,
2026-02-21,CHI,DET,0.31,🔴 High (Away),-11.52,0.1,-11,Zach Collins(8.6),Isaac Jones(0.8),3.4,1.13,0.054,-0.2203000000000001,主EV=0.05,,,,,,
2026-02-19,SAS,PHO,0.58,Toss-up,3.0,0.03,7,David Jones García(3.3); Mason Plumlee(2.8); Lindy Waters III(1.1),Cole Anthony(4.5),1.22,2.85,-0.2924000000000001,0.197,客EV=0.20★,,,,,,
2026-02-19,PHI,ATL,0.51,Toss-up,2.52,0.15,1,Joel Embiid(20.4),Jonathan Kuminga(8.5),1.68,1.75,-0.1432,-0.1425,觀望,,,,,,
2026-02-19,SAC,ORL,0.43,Toss-up,-9.72,0.27,-13,Dylan Cardwell(7.3); De'Andre Hunter(8.6); Zach LaVine(12.6); Domantas Sabonis(14.4),Colin Castleton(5.0); Franz Wagner(16.6),2.95,1.2,0.2684999999999999,-0.3159999999999999,主EV=0.27★,,,,,,
2026-02-19,WAS,IND,0.45,Toss-up,-2.98,-0.17,-5,Anthony Davis(17.5); D'Angelo Russell(6.9); Alex Sarr(14.7); Cam Whitmore(6.2); Trae Young(16.0),Johnny Furphy(4.4); Tyrese Haliburton(5.0); T.J. McConnell(9.3); Aaron Nesmith(9.0); Micah Potter(6.7); Pascal Siakam(17.2); Obi Toppin(9.2); Ivica Zubac(13.8),1.85,1.6,-0.1674999999999999,-0.1199999999999998,觀望,,,,,,
2026-02-19,CLE,BRK,0.92,🟢 High (Home),10.98,-0.03,6,Max Strus(5.0); Nae'Qwan Tomlin(5.9),Nic Claxton(13.2),,,,,無賠率,,,,,,
2026-02-19,CHI,TOR,0.3,🔴 High (Away),-5.15,0.6,-5,Zach Collins(8.6); Josh Giddey(17.1); Tre Jones(13.1); Jalen Smith(9.1),,2.4,1.32,-0.28,-0.076,觀望,,,,,,
2026-02-19,NYK,DET,0.32,🔴 High (Away),-2.08,0.29,-2,OG Anunoby(13.4); Miles McBride(9.8),,1.46,2.05,-0.5327999999999999,0.3939999999999997,客EV=0.39★🔥,,,,,,
2026-02-19,GSW,BOS,0.27,🔴 High (Away),-4.64,0.77,-2,Jimmy Butler(19.1); LJ Cryer(1.1); Seth Curry(7.3); Stephen Curry(19.7); Kristaps Porziņģis(13.6); Will Richard(5.7),Jayson Tatum(5.0),2.5,1.3,-0.3249999999999999,-0.051,觀望,,,,,,
2026-02-19,LAC,DEN,0.33,🔴 High (Away),-4.37,-0.24,0,Bradley Beal(3.2); Darius Garland(13.4),Tamar Bates(5.0); Aaron Gordon(14.6); Jalen Pickett(4.8); Peyton Watson(11.4),2.2,1.4,-0.2739999999999999,-0.0620000000000001,觀望,,,,,,
2026-02-19,CHO,HOU,0.44,Toss-up,-3.25,0.03,2,Liam McNeeley(3.0); Coby White(12.3),Steven Adams(8.0); Fred VanVleet(5.0),2.15,1.42,-0.054,-0.2047999999999999,觀望,,,,,,
2026-02-12,UTA,POR,0.38,Toss-up,-6.06,0.04,3,Keyonte George(18.0); Walker Kessler(15.7),Damian Lillard(5.0); Kris Murray(5.8); Shaedon Sharpe(13.1); Matisse Thybulle(6.2),2.6,1.26,-0.0119999999999999,-0.2188,觀望,,,,,,
2026-02-12,LAL,DAL,0.69,🟢 High (Home),2.92,-0.05,6,Deandre Ayton(12.3); Luka Dončić(25.9),Cooper Flagg(15.8); Kyrie Irving(5.0); Dereck Lively II(5.7); Naji Marshall(12.5); Caleb Martin(3.4),1.23,2.8,-0.1513000000000001,-0.1319999999999999,觀望,,,,,,
2026-02-12,OKC,MIL,0.76,🟢 High (Home),15.62,0.26,1,Shai Gilgeous-Alexander(26.9); Ajay Mitchell(11.6); Thomas Sorber(5.0); Nikola Topić(5.0); Jalen Williams(14.3),Giannis Antetokounmpo(24.5); Taurean Prince(4.1); Ryan Rollins(13.3),,,,,無賠率,,,,,,
2026-02-11,CHO,ATL,0.79,🟢 High (Home),2.97,-0.43,1,Liam McNeeley(3.0); Coby White(12.3),Dyson Daniels(12.5); Jalen Johnson(21.1); Jonathan Kuminga(8.5); Zaccharie Risacher(7.5),1.38,2.25,0.0902,-0.5275000000000001,主EV=0.09🔥,,,,,,
2026-02-11,MIN,POR,0.67,🟢 High (Home),6.03,-0.35,-2,Terrence Shannon Jr.(2.5),Damian Lillard(5.0); Kris Murray(5.8); Shaedon Sharpe(13.1); Matisse Thybulle(6.2),1.23,2.8,-0.1758999999999999,-0.0760000000000001,觀望,,,,,,
2026-02-11,NOP,MIA,0.56,Toss-up,-8.31,-0.56,3,Dejounte Murray(5.0); Micah Peavy(3.2),Tyler Herro(16.0); Pelle Larsson(8.9); Norman Powell(15.9); Andrew Wiggins(12.5),1.7,1.73,-0.0479999999999999,-0.2388000000000001,觀望,,,,,,
2026-02-11,BRK,IND,0.42,Toss-up,-0.18,0.0,1,Nic Claxton(13.2); Noah Clowney(8.5); Michael Porter Jr.(18.0),Johnny Furphy(4.4); Tyrese Haliburton(5.0); Obi Toppin(9.2); Jarace Walker(7.0); Ivica Zubac(13.8),1.4,2.2,-0.412,0.2760000000000002,客EV=0.28★,,,,,,
2026-02-11,GSW,SAS,0.3,🔴 High (Away),-2.73,0.9,-4,Jimmy Butler(19.1); Seth Curry(7.3); Stephen Curry(19.7); De'Anthony Melton(7.8); Kristaps Porziņģis(13.6); Will Richard(5.7),Lindy Waters III(1.1),2.5,1.3,-0.25,-0.09,觀望,,,,,,
2026-02-11,ORL,MIL,0.71,🟢 High (Home),3.26,-0.35,4,Colin Castleton(5.0),Giannis Antetokounmpo(24.5); Pete Nance(4.4); Taurean Prince(4.1),1.13,3.4,-0.1977000000000001,-0.0139999999999999,觀望,,,,,,
2026-02-11,HOU,LAC,0.64,Toss-up,5.48,-0.04,3,Steven Adams(8.0); Fred VanVleet(5.0),Bradley Beal(3.2); Darius Garland(13.4),1.2,2.95,-0.2319999999999999,0.062,客EV=0.06,,,,,,
2026-02-11,PHO,OKC,0.44,Toss-up,-9.34,-0.36,0,Grayson Allen(12.7); Cole Anthony(4.5); Isaiah Livers(2.3),Shai Gilgeous-Alexander(26.9); Ajay Mitchell(11.6); Thomas Sorber(5.0); Nikola Topić(5.0),2.55,1.28,0.1219999999999998,-0.2831999999999999,主EV=0.12★,,,,,,
2026-02-11,BOS,CHI,0.89,🟢 High (Home),10.8,-0.31,4,Sam Hauser(7.0); Neemias Queta(10.9); Jayson Tatum(5.0),Zach Collins(8.6); Josh Giddey(17.1); Tre Jones(13.1); Jalen Smith(9.1),,,,,無賠率,,,,,,
2026-02-11,CLE,WAS,0.82,🟢 High (Home),13.54,-0.51,6,Evan Mobley(16.1); Max Strus(5.0); Dean Wade(6.0),Bilal Coulibaly(7.8); Anthony Davis(17.5); Kyshawn George(11.2); Anthony Gill(2.2); D'Angelo Russell(6.9); Cam Whitmore(6.2); Trae Young(16.0),,,,,無賠率,,,,,,
2026-02-11,PHI,NYK,0.42,Toss-up,-3.99,0.09,0,Dominick Barlow(8.4); Joel Embiid(20.4); Quentin Grimes(10.0),OG Anunoby(13.4); Miles McBride(9.8); Mitchell Robinson(8.4),1.58,1.86,-0.3364,0.0788000000000002,客EV=0.08,,,,,,
2026-02-11,UTA,SAC,0.56,Toss-up,1.56,-0.42,14,Keyonte George(18.0); Walker Kessler(15.7),De'Andre Hunter(8.6); Zach LaVine(12.6); Malik Monk(8.3); Keegan Murray(11.1); Domantas Sabonis(14.4); Russell Westbrook(11.9),1.28,2.55,-0.2831999999999999,0.1219999999999998,客EV=0.12★,,,,,,
2026-02-11,DEN,MEM,0.65,🟢 High (Home),6.09,0.46,2,Tamar Bates(5.0); Christian Braun(8.0); Aaron Gordon(14.6); Nikola Jokić(30.1); Spencer Jones(5.2); Jamal Murray(21.2); Peyton Watson(11.4),Santi Aldama(12.1); Brandon Clarke(3.1); Walter Clayton(5.5); Cedric Coward(10.6); Zach Edey(13.3); Ja Morant(14.2),,,,,無賠率,,,,,,
2026-02-11,TOR,DET,0.32,🔴 High (Away),-6.2,0.15,0,Collin Murray-Boyles(8.1); Jakob Poeltl(10.0),Ron Holland(6.2),1.8,1.63,-0.4239999999999999,0.1083999999999998,客EV=0.11★🔥,,,,,,
2026-02-10,PHO,DAL,0.8,🟢 High (Home),5.13,-0.07,5,Grayson Allen(12.7); Cole Anthony(4.5); Isaiah Livers(2.3),Kyrie Irving(5.0); Dereck Lively II(5.7); Khris Middleton(7.6); Klay Thompson(7.0),1.23,2.8,-0.016,-0.4400000000000001,觀望,,,,,,
2026-02-10,NYK,IND,0.84,🟢 High (Home),12.7,-0.32,5,OG Anunoby(13.4); Miles McBride(9.8); Mitchell Robinson(8.4),Johnny Furphy(4.4); Tyrese Haliburton(5.0); T.J. McConnell(9.3); Aaron Nesmith(9.1); Micah Potter(6.1); Obi Toppin(9.2); Ivica Zubac(13.8),,,,,無賠率,,,,,,
2026-02-10,LAL,SAS,0.57,Toss-up,-4.64,0.32,-5,Luka Dončić(25.9); Adou Thiero(1.1),Lindy Waters III(1.1),2.7,1.25,0.5389999999999999,-0.4624999999999999,主EV=0.54★,,,,,,
2026-02-10,HOU,LAC,0.67,🟢 High (Home),5.84,-0.09,-1,Steven Adams(8.0); Fred VanVleet(5.0),Bradley Beal(3.2); Darius Garland(13.4); Yanic Konan Niederhäuser(3.3),1.25,2.7,-0.1624999999999999,-0.1090000000000001,觀望,,,,,,
2026-02-09,CHO,DET,0.47,Toss-up,-4.93,-0.08,8,Malaki Branham(3.6); Coby White(12.3),Jalen Duren(16.5); Ron Holland(6.2),1.96,1.5,-0.0788,-0.2049999999999999,觀望,,,,,,
2026-02-09,MIA,UTA,0.85,🟢 High (Home),9.69,0.09,3,Tyler Herro(16.0); Pelle Larsson(8.9); Norman Powell(15.9),Keyonte George(18.0); Walker Kessler(15.7),1.22,2.85,0.0369999999999999,-0.5724999999999999,主EV=0.04🔥,,,,,,
2026-02-09,NOP,SAC,0.72,🟢 High (Home),3.22,-0.64,13,Dejounte Murray(5.0),De'Andre Hunter(8.6); Zach LaVine(12.6); Doug McDermott(1.3); Malik Monk(8.3); Keegan Murray(11.1); Domantas Sabonis(14.4),1.23,2.8,-0.1144,-0.2159999999999999,觀望,,,,,,
2026-02-09,POR,PHI,0.16,🔴 High (Away),-3.85,0.83,1,Deni Avdija(19.7); Scoot Henderson(7.4); Damian Lillard(5.0); Kris Murray(5.8); Shaedon Sharpe(13.1); Matisse Thybulle(6.2); Robert Williams(8.8),,2.1,1.43,-0.6639999999999999,0.2011999999999998,客EV=0.20★🔥,,,,,,
2026-02-09,BRK,CHI,0.42,Toss-up,-5.03,-0.28,5,Egor Dёmin(7.8); Michael Porter Jr.(18.0),Zach Collins(8.6); Josh Giddey(17.1); Tre Jones(13.1); Jalen Smith(9.1),2.05,1.46,-0.1390000000000001,-0.1531999999999999,觀望,,,,,,
2026-02-09,GSW,MEM,0.89,🟢 High (Home),4.33,-0.3,1,Jimmy Butler(19.1); LJ Cryer(1.1); Seth Curry(7.3); Stephen Curry(19.7); Kristaps Porziņģis(13.6),Santi Aldama(12.1); Brandon Clarke(3.1); Cedric Coward(10.7); Zach Edey(13.3); Ja Morant(14.2); Scotty Pippen Jr.(11.9); Cam Spencer(11.5); Jaylen Wells(7.8),1.26,2.6,0.1213999999999999,-0.714,主EV=0.12★🔥,,,,,,
2026-02-09,MIN,ATL,0.67,🟢 High (Home),5.1,-0.23,-1,Terrence Shannon Jr.(2.5),Dyson Daniels(12.5); Jonathan Kuminga(8.5),1.3,2.5,-0.1289999999999999,-0.175,觀望,,,,,,
2026-02-09,LAL,OKC,0.43,Toss-up,-11.83,-0.44,5,Luka Dončić(25.9); Adou Thiero(1.1),Shai Gilgeous-Alexander(26.9); Ajay Mitchell(11.6); Thomas Sorber(5.0); Nikola Topić(5.0); Jalen Williams(13.8),2.4,1.32,0.032,-0.2475999999999999,主EV=0.03,,,,,,
2026-02-09,ORL,MIL,0.71,🟢 High (Home),3.4,-0.08,-1,Colin Castleton(5.0); Franz Wagner(17.3),Giannis Antetokounmpo(24.5); Taurean Prince(4.1),1.15,3.3,-0.1835000000000001,-0.0429999999999999,觀望,,,,,,
2026-02-09,DEN,CLE,0.35,🔴 High (Away),0.31,0.62,-2,Tamar Bates(5.0); Aaron Gordon(14.6); Nikola Jokić(30.2); Spencer Jones(5.2); Jamal Murray(21.2); Peyton Watson(11.4),Evan Mobley(16.1); Max Strus(5.0); Jaylon Tyson(11.4); Dean Wade(6.0),1.73,1.7,-0.3945000000000001,0.1049999999999999,客EV=0.10★🔥,,,,,,
2026-02-08,TOR,IND,0.68,🟢 High (Home),8.52,-0.15,4,Jakob Poeltl(10.0); Immanuel Quickley(14.5),Kobe Brown(2.5); Tyrese Haliburton(5.0); Micah Potter(5.9); Obi Toppin(9.2); Ivica Zubac(13.8),1.22,2.85,-0.1704,-0.088,觀望,,,,,,
2026-02-08,MIN,LAC,0.64,Toss-up,5.29,-0.41,-2,Julian Phillips(2.3); Terrence Shannon Jr.(2.5),Bradley Beal(3.2); Darius Garland(13.4); Isaiah Jackson(6.2); Yanic Konan Niederhäuser(2.9); Bennedict Mathurin(11.6),1.2,2.95,-0.2319999999999999,0.062,客EV=0.06,,,,,,
2026-02-08,WAS,MIA,0.3,🔴 High (Away),-11.51,0.53,1,Bilal Coulibaly(8.0); Anthony Davis(17.5); Dante Exum(5.0); Kyshawn George(11.3); Jaden Hardy(3.9); Tre Johnson(8.6); D'Angelo Russell(6.9); Alex Sarr(14.8); Cam Whitmore(6.2); Trae Young(16.0),Bam Adebayo(14.8); Tyler Herro(16.0); Pelle Larsson(8.9); Norman Powell(16.0),3.4,1.13,0.02,-0.209,主EV=0.02,,,,,,
2026-02-08,BOS,NYK,0.59,Toss-up,1.33,-0.5,6,Sam Hauser(7.0); Jayson Tatum(5.0),OG Anunoby(13.4); Josh Hart(12.2); Miles McBride(9.8); Karl-Anthony Towns(16.6),1.45,2.07,-0.1445,-0.1513,觀望,,,,,,
2026-02-07,ATL,CHO,0.49,Toss-up,-2.65,0.07,-6,Buddy Hield(5.9); Jonathan Kuminga(8.5); Onyeka Okongwu(13.6); Gabe Vincent(2.9),Malaki Branham(3.6); Tidjane Salaün(5.4); KJ Simpson(3.7); Coby White(12.3),1.82,1.62,-0.1081999999999999,-0.1737999999999999,觀望,,,,,,
2026-02-07,SAS,DAL,0.76,🟢 High (Home),7.28,-0.15,9,De'Aaron Fox(15.3); Luke Kornet(10.2); Jeremy Sochan(3.3); Lindy Waters III(1.1),Marvin Bagley III(9.7); Kyrie Irving(5.0); AJ Johnson(1.3); Tyus Jones(3.5); Dereck Lively II(5.7); Khris Middleton(7.6); Brandon Williams(9.5),1.15,3.3,-0.1260000000000001,-0.208,觀望,,,,,,
2026-02-07,OKC,HOU,0.45,Toss-up,6.86,0.59,1,Shai Gilgeous-Alexander(26.9); Ajay Mitchell(11.6); Thomas Sorber(5.0); Nikola Topić(5.0); Jalen Williams(13.8),Steven Adams(8.0); Jae'Sean Tate(2.1); Fred VanVleet(5.0),1.55,1.9,-0.3025,0.0449999999999999,客EV=0.04,,,,,,
2026-02-07,SAC,CLE,0.42,Toss-up,-12.75,-0.27,-13,Keegan Murray(11.1); Domantas Sabonis(14.4),James Harden(20.2); Evan Mobley(16.1); Max Strus(5.0); Dean Wade(6.0),,,,,無賠率,,,,,,
2026-02-07,PHO,PHI,0.28,🔴 High (Away),0.83,0.26,0,Grayson Allen(12.7); Devin Booker(18.1); Jalen Green(7.6); Isaiah Livers(2.3),Joel Embiid(20.2),1.63,1.8,-0.5436,0.296,客EV=0.30★🔥,,,,,,
2026-02-07,POR,MEM,0.67,🟢 High (Home),-1.09,-0.35,2,Deni Avdija(19.7); Damian Lillard(5.0); Kris Murray(5.8); Shaedon Sharpe(13.1); Matisse Thybulle(6.2),Santi Aldama(12.1); Kyle Anderson(7.4); Kentavious Caldwell-Pope(6.6); Brandon Clarke(3.1); Zach Edey(13.3); Ty Jerome(21.0); Ja Morant(14.2),1.2,2.95,-0.1959999999999999,-0.0265,觀望,,,,,,
2026-02-07,LAL,GSW,0.61,Toss-up,-2.35,-0.46,1,Luka Dončić(25.9); Luke Kennard(7.3); Adou Thiero(1.1),Jimmy Butler(19.1); LJ Cryer(1.1); Seth Curry(7.3); Stephen Curry(19.7); Brandin Podziemski(9.9); Kristaps Porziņģis(13.6),1.52,1.94,-0.0727999999999999,-0.2433999999999999,觀望,,,,,,
2026-02-07,CHI,DEN,0.55,Toss-up,-6.9,-0.43,0,Zach Collins(8.6); Josh Giddey(17.1); Tre Jones(13.1); Jalen Smith(9.1),Tamar Bates(5.0); Christian Braun(7.4); Aaron Gordon(14.6); Cameron Johnson(9.0); Nikola Jokić(30.1); Spencer Jones(5.2); Peyton Watson(11.4),2.35,1.33,0.2925000000000002,-0.4015000000000001,主EV=0.29★,,,,,,
2026-02-07,BRK,WAS,0.7,🟢 High (Home),2.35,-1.19,-4,Ochai Agbaji(3.0),Bilal Coulibaly(8.0); Anthony Davis(17.5); Dante Exum(5.0); Kyshawn George(11.3); Jaden Hardy(3.9); Tre Johnson(8.6); D'Angelo Russell(6.9); Alex Sarr(14.8); Cam Whitmore(6.2); Trae Young(16.0),1.4,2.2,-0.0200000000000001,-0.3399999999999998,觀望,,,,,,
2026-02-07,ORL,UTA,0.9,🟢 High (Home),7.24,-0.23,2,Colin Castleton(5.0); Franz Wagner(17.3),Keyonte George(18.4); Walker Kessler(15.7); Kevin Love(6.3),1.2,2.95,0.08,-0.7050000000000001,主EV=0.08🔥,,,,,,
2026-02-06,SAC,LAC,0.34,🔴 High (Away),-9.81,0.11,-8,Keegan Murray(11.1); Domantas Sabonis(14.4),Bradley Beal(3.2); Darius Garland(13.4),2.05,1.46,-0.303,-0.0364000000000001,觀望,,,,,,
2026-02-06,BOS,MIA,0.68,🟢 High (Home),5.36,-0.14,5,Jayson Tatum(5.0),Tyler Herro(16.0),1.3,2.5,-0.1159999999999998,-0.2000000000000001,觀望,,,,,,
2026-02-06,MIN,NOP,0.64,Toss-up,11.09,0.37,4,Ayo Dosunmu(12.2); Julian Phillips(2.3); Julius Randle(17.8); Terrence Shannon Jr.(2.5),Dejounte Murray(5.0),1.13,3.4,-0.2768,0.2239999999999999,客EV=0.22★,,,,,,
2026-02-06,DET,NYK,0.73,🟢 High (Home),1.08,-0.31,-9,Jalen Duren(16.5); Tobias Harris(10.6); Dario Šarić(0.3),OG Anunoby(13.4); Josh Hart(12.4); Miles McBride(9.8); Karl-Anthony Towns(16.6),1.76,1.66,0.2847999999999999,-0.5518000000000001,主EV=0.28★🔥,,,,,,
2026-02-06,MIL,IND,0.53,Toss-up,3.19,0.13,4,Giannis Antetokounmpo(24.5); Ousmane Dieng(2.9); Gary Harris(2.8); Bobby Portis(10.2); Taurean Prince(4.1),Tyrese Haliburton(5.0); Micah Potter(5.8); Obi Toppin(9.2); Ivica Zubac(13.8),1.8,1.63,-0.0459999999999999,-0.2339000000000001,觀望,,,,,,
2026-02-06,POR,MEM,0.62,Toss-up,-0.93,-0.43,-8,Deni Avdija(19.7); Scoot Henderson(5.0); Damian Lillard(5.0); Kris Murray(5.8); Matisse Thybulle(6.2),Santi Aldama(12.1); Kyle Anderson(7.4); Brandon Clarke(3.1); Zach Edey(13.3); Ty Jerome(21.0); Ja Morant(14.2); Scotty Pippen Jr.(5.0),1.26,2.6,-0.2188,-0.0119999999999999,觀望,,,,,,
2026-02-05,ATL,UTA,0.78,🟢 High (Home),7.59,-0.49,0,N'Faly Dante(1.1); Jonathan Kuminga(8.5); Onyeka Okongwu(13.6); Duop Reath(2.2),Keyonte George(18.4); Jaren Jackson Jr.(13.1); Walker Kessler(15.7); John Konchar(4.5); Kevin Love(6.3); Vince Williams Jr.(6.6),1.16,3.2,-0.0952,-0.296,觀望,,,,,,
2026-02-05,ORL,BRK,0.68,🟢 High (Home),7.48,0.1,0,Colin Castleton(5.0); Franz Wagner(17.3),Haywood Highsmith(5.0); Cam Thomas(9.0),1.13,3.4,-0.2316,0.0879999999999998,客EV=0.09,,,,,,
2026-02-05,DET,WAS,0.88,🟢 High (Home),17.23,-0.31,4,Cade Cunningham(20.8); Tobias Harris(10.6); Kevin Huerter(8.5); Dario Šarić(0.3),Anthony Davis(17.5); Dante Exum(5.0); Tre Johnson(8.6); D'Angelo Russell(6.9); Tristan Vukcevic(4.9); Cam Whitmore(6.2); Trae Young(16.0),,,,,無賠率,,,,,,
2026-02-05,PHO,GSW,0.7,🟢 High (Home),-0.34,-0.44,3,Devin Booker(18.1); Jalen Green(7.6),Jimmy Butler(19.1); LJ Cryer(1.1); Seth Curry(7.3); Stephen Curry(19.7); Kristaps Porziņģis(13.6),1.28,2.55,-0.104,-0.235,觀望,,,,,,
2026-02-05,TOR,CHI,0.55,Toss-up,3.81,-0.23,1,Jakob Poeltl(10.0),Zach Collins(8.6); Josh Giddey(17.1); Julian Phillips(2.3),1.2,2.95,-0.3399999999999999,0.3274999999999999,客EV=0.33★,,,,,,
2026-02-05,DAL,SAS,0.35,🔴 High (Away),-7.02,0.29,-7,Daniel Gafford(8.4); Kyrie Irving(5.0); Dereck Lively II(5.7); P.J. Washington(10.4); Brandon Williams(9.5),Dylan Harper(8.4); Kelly Olynyk(3.2); Jeremy Sochan(3.3); Lindy Waters III(1.1),2.6,1.26,-0.09,-0.1809999999999999,觀望,,,,,,
2026-02-05,LAL,PHI,0.55,Toss-up,-1.62,-0.23,-4,Adou Thiero(1.1),Joel Embiid(19.8),1.45,2.07,-0.2025,-0.0685000000000001,觀望,,,,,,
2026-02-05,HOU,CHO,0.54,Toss-up,4.29,0.07,-8,Steven Adams(8.0); Dorian Finney-Smith(1.9); Fred VanVleet(5.0),Tidjane Salaün(5.4); KJ Simpson(3.7),1.52,1.94,-0.1791999999999999,-0.1076000000000001,觀望,,,,,,
2026-02-04,MIL,NOP,0.3,🔴 High (Away),1.9,0.65,3,Giannis Antetokounmpo(24.5); Gary Harris(2.8); Kevin Porter Jr.(15.0); Bobby Portis(10.2); Taurean Prince(4.1),Dejounte Murray(5.0),2.2,1.4,-0.3399999999999999,-0.0200000000000001,觀望,,,,,,
2026-02-04,TOR,MIN,0.67,🟢 High (Home),-3.77,-0.4,2,Jakob Poeltl(10.0),Anthony Edwards(21.5); Julius Randle(17.9); Terrence Shannon Jr.(2.5),1.82,1.62,0.2194,-0.4654,主EV=0.22★🔥,,,,,,
2026-02-04,LAC,CLE,0.45,Toss-up,-2.44,-0.31,-2,Bradley Beal(3.2); Darius Garland(13.4),James Harden(20.2); Evan Mobley(16.1); Max Strus(5.0),1.85,1.6,-0.1674999999999999,-0.1199999999999998,觀望,,,,,,
2026-02-04,NYK,DEN,0.61,Toss-up,1.56,0.05,9,Mohamed Diawara(1.6); Josh Hart(12.4); Miles McBride(9.8); Mitchell Robinson(8.5),Tamar Bates(5.0); Aaron Gordon(14.6); Cameron Johnson(9.0),1.3,2.5,-0.2069999999999999,-0.0249999999999999,觀望,,,,,,
2026-02-04,SAC,MEM,0.51,Toss-up,-8.1,-0.44,-10,Keegan Murray(11.1); Domantas Sabonis(13.9),Santi Aldama(12.2); Kyle Anderson(7.4); Brandon Clarke(3.1); Zach Edey(13.3); Ja Morant(14.2); Georges Niang(5.0); Scotty Pippen Jr.(5.0),1.66,1.76,-0.1533999999999999,-0.1376,觀望,,,,,,
2026-02-04,SAS,OKC,0.37,Toss-up,-7.32,-0.22,-1,Stephon Castle(13.1); Jeremy Sochan(3.3); Lindy Waters III(1.1),Ajay Mitchell(11.6); Thomas Sorber(5.0); Nikola Topić(5.0); Jalen Williams(13.8),1.8,1.63,-0.3339999999999999,0.0268999999999999,客EV=0.03,,,,,,
2026-02-04,HOU,BOS,0.54,Toss-up,-1.06,0.59,0,Steven Adams(8.0); Kevin Durant(19.5); Kevin Durant(19.5); Dorian Finney-Smith(1.9); Fred VanVleet(5.0),Chris Boucher(1.9); Jayson Tatum(5.0),1.35,2.3,-0.2709999999999999,0.0579999999999998,客EV=0.06,,,,,,
2026-02-03,DET,DEN,0.61,Toss-up,1.95,-0.38,3,Caris LeVert(6.2),Tamar Bates(5.0); Christian Braun(7.7); Aaron Gordon(14.6); Cameron Johnson(9.0),1.45,2.07,-0.1155,-0.1926999999999999,觀望,,,,,,
2026-02-03,POR,PHO,0.19,🔴 High (Away),-5.35,0.44,-4,Deni Avdija(19.7); Scoot Henderson(5.0); Jrue Holiday(12.4); Vit Krejci(6.7); Damian Lillard(5.0); Kris Murray(5.8); Matisse Thybulle(6.2),Devin Booker(18.1); Jalen Green(7.6),2.0,1.48,-0.62,0.1988000000000001,客EV=0.20★🔥,,,,,,
2026-02-03,OKC,ORL,0.57,Toss-up,12.01,0.99,2,Alex Caruso(6.2); Shai Gilgeous-Alexander(27.2); Isaiah Hartenstein(11.9); Chet Holmgren(15.6); Ajay Mitchell(11.6); Thomas Sorber(5.0); Nikola Topić(5.0); Jalen Williams(13.8); Jaylin Williams(5.4),Colin Castleton(5.0); Franz Wagner(17.3),1.28,2.55,-0.2704000000000001,0.0965,客EV=0.10,,,,,,
2026-02-03,MIL,CHI,0.48,Toss-up,-2.16,-0.15,-4,Giannis Antetokounmpo(24.5); Gary Harris(2.8); Kevin Porter Jr.(15.0); Taurean Prince(4.1),Zach Collins(8.6); Josh Giddey(17.1); Kevin Huerter(8.5); Tre Jones(13.1); Julian Phillips(2.3); Dario Šarić(0.3); Jalen Smith(8.9),1.96,1.5,-0.0592,-0.2199999999999999,觀望,,,,,,
2026-02-03,DAL,BOS,0.38,Toss-up,-9.03,0.6,-6,Anthony Davis(17.5); Dante Exum(5.0); Kyrie Irving(5.0); Dereck Lively II(5.7); P.J. Washington(10.4); Brandon Williams(9.5),Jayson Tatum(5.0),2.6,1.26,-0.0119999999999999,-0.2188,觀望,,,,,,
2026-02-03,WAS,NYK,0.13,🔴 High (Away),-15.74,0.24,-5,Anthony Gill(1.6); Tre Johnson(8.6); Tristan Vukcevic(4.9); Cam Whitmore(6.2); Trae Young(16.0),Miles McBride(9.8); Mitchell Robinson(8.5),,,,,無賠率,,,,,,
2026-02-03,GSW,PHI,0.48,Toss-up,2.0,0.8,-5,Jimmy Butler(19.1); LJ Cryer(1.1); Seth Curry(7.3); Stephen Curry(19.7); Jonathan Kuminga(8.5); Moses Moody(8.5),,1.6,1.85,-0.2319999999999999,-0.0379999999999999,觀望,,,,,,
2026-02-03,IND,UTA,0.71,🟢 High (Home),1.21,-0.46,5,Tyrese Haliburton(5.0); Obi Toppin(9.2),Keyonte George(18.4); Walker Kessler(15.7); Georges Niang(5.0); Jusuf Nurkić(11.6),1.48,2.0,0.0507999999999999,-0.4199999999999999,主EV=0.05🔥,,,,,,
2026-02-03,BRK,LAL,0.34,🔴 High (Away),-6.76,-0.05,0,Noah Clowney(8.6); Haywood Highsmith(5.0); Ziaire Williams(6.5),Bronny James(1.5); Austin Reaves(21.3); Adou Thiero(1.1),2.95,1.2,0.0030000000000001,-0.208,主EV=0.00,,,,,,
2026-02-03,MIA,ATL,0.44,Toss-up,2.04,0.09,3,Tyler Herro(16.0); Nikola Jović(5.6); Norman Powell(15.8),N'Faly Dante(1.1); Onyeka Okongwu(13.6); Kristaps Porziņģis(13.6); Duop Reath(2.2),1.43,2.1,-0.3708,0.1760000000000001,客EV=0.18★,,,,,,
2026-02-02,MEM,MIN,0.3,🔴 High (Away),-6.24,0.29,-10,Santi Aldama(12.2); Brandon Clarke(3.1); Zach Edey(13.3); Jaren Jackson Jr.(12.8); John Konchar(4.5); Ja Morant(14.2); Scotty Pippen Jr.(5.0),Anthony Edwards(21.4); Julius Randle(18.0); Terrence Shannon Jr.(2.5),2.8,1.23,-0.16,-0.139,觀望,,,,,,
2026-02-02,IND,HOU,0.51,Toss-up,-13.83,-0.23,0,Tyrese Haliburton(5.0); Obi Toppin(9.2),Steven Adams(8.0); Kevin Durant(19.5); Fred VanVleet(5.0),2.3,1.35,0.1729999999999998,-0.3385,主EV=0.17★,,,,,,
2026-02-02,CHO,NOP,0.75,🟢 High (Home),8.13,0.02,7,Josh Green(3.8); Mason Plumlee(2.8),Dejounte Murray(5.0),1.26,2.6,-0.0549999999999999,-0.35,觀望,,,,,,
2026-02-02,LAC,PHI,0.53,Toss-up,-1.11,0.15,-2,Bradley Beal(3.2); James Harden(20.2); Derrick Jones Jr.(8.7),Joel Embiid(19.9),1.56,1.88,-0.1731999999999999,-0.1164,觀望,,,,,,
2026-02-01,NYK,LAL,0.73,🟢 High (Home),5.78,-0.18,4,Miles McBride(9.8),Bronny James(1.5); Austin Reaves(21.3); Adou Thiero(1.1),1.4,2.2,0.022,-0.4059999999999999,主EV=0.02🔥,,,,,,
2026-02-01,POR,CLE,0.19,🔴 High (Away),-4.72,0.36,-3,Deni Avdija(19.7); Scoot Henderson(5.0); Jrue Holiday(12.4); Damian Lillard(5.0); Kris Murray(5.8); Duop Reath(2.2); Matisse Thybulle(6.2); Blake Wesley(5.4); Robert Williams(8.3),Darius Garland(13.4); Evan Mobley(16.1); Craig Porter Jr.(6.3); Max Strus(5.0),1.94,1.52,-0.6314,0.2312,客EV=0.23★🔥,,,,,,
2026-02-01,SAS,ORL,0.71,🟢 High (Home),5.07,-0.24,-3,Jeremy Sochan(3.3),Colin Castleton(5.0); Franz Wagner(17.3),1.33,2.35,-0.0556999999999999,-0.3184999999999999,觀望,,,,,,
2026-02-01,DEN,OKC,0.2,🔴 High (Away),-8.13,0.58,3,Tamar Bates(5.0); Christian Braun(7.7); Aaron Gordon(14.6); Cameron Johnson(9.0); Nikola Jokić(31.0); Jamal Murray(21.1),Alex Caruso(6.2); Ajay Mitchell(11.6); Thomas Sorber(5.0); Nikola Topić(5.0); Jalen Williams(13.8),2.3,1.35,-0.54,0.08,客EV=0.08🔥,,,,,,
2026-02-01,MIA,CHI,0.71,🟢 High (Home),3.26,-0.43,-2,Tyler Herro(16.0); Davion Mitchell(9.5); Norman Powell(15.8),Zach Collins(8.6); Josh Giddey(17.1); Tre Jones(13.1); Jalen Smith(8.9); Nikola Vučević(15.1); Coby White(12.5),1.46,2.05,0.0365999999999999,-0.4054999999999999,主EV=0.04🔥,,,,,,
2026-02-01,BOS,MIL,0.66,🟢 High (Home),10.25,-0.52,5,Jayson Tatum(5.0),Giannis Antetokounmpo(24.5); Gary Harris(2.8); Kevin Porter Jr.(15.0); Taurean Prince(4.1),,,,,無賠率,,,,,,
2026-02-01,PHO,LAC,0.55,Toss-up,2.84,0.17,4,Devin Booker(18.1); Jalen Green(7.6),Bradley Beal(3.2); Derrick Jones Jr.(8.7),1.76,1.66,-0.0319999999999999,-0.2530000000000001,觀望,,,,,,
2026-02-01,DET,BRK,0.85,🟢 High (Home),13.61,0.09,0,Cade Cunningham(20.7); Caris LeVert(6.2),Noah Clowney(8.6); Haywood Highsmith(5.0); Ziaire Williams(6.5),,,,,無賠率,,,,,,
2026-02-01,TOR,UTA,0.81,🟢 High (Home),9.9,-0.59,3,Jakob Poeltl(10.0),Keyonte George(18.4); Walker Kessler(15.7); Kevin Love(6.5); Georges Niang(5.0); Jusuf Nurkić(11.8),,,,,無賠率,,,,,,
2026-02-01,WAS,SAC,0.37,Toss-up,0.09,0.24,7,Tre Johnson(8.6); Alex Sarr(15.1); Tristan Vukcevic(4.9); Cam Whitmore(6.2); Trae Young(16.0),Malik Monk(8.5); Keegan Murray(11.1); Russell Westbrook(12.3),1.88,1.56,-0.3044,-0.0171999999999999,觀望,,,,,,
2026-01-31,CHO,SAS,0.61,Toss-up,-2.89,0.04,4,Josh Green(3.9); Mason Plumlee(2.8),Jeremy Sochan(3.3),2.1,1.43,0.2809999999999999,-0.4423,主EV=0.28★,,,,,,
2026-01-31,MIA,CHI,0.76,🟢 High (Home),3.21,-0.46,4,Tyler Herro(16.0); Davion Mitchell(9.5); Norman Powell(15.8),Zach Collins(8.6); Josh Giddey(17.1); Tre Jones(13.1); Emanuel Miller(2.6); Jalen Smith(8.9); Nikola Vučević(15.1); Coby White(12.5),1.35,2.3,0.026,-0.448,主EV=0.03🔥,,,,,,
2026-01-31,IND,ATL,0.5,Toss-up,-7.35,-0.53,2,Tyrese Haliburton(5.0); Obi Toppin(9.2),N'Faly Dante(1.1); Jalen Johnson(20.6); Onyeka Okongwu(13.6); Kristaps Porziņģis(13.6); Zaccharie Risacher(8.0),1.8,1.63,-0.0999999999999999,-0.185,觀望,,,,,,
2026-01-31,HOU,DAL,0.58,Toss-up,8.24,-0.25,4,Steven Adams(8.0); Fred VanVleet(5.0),Anthony Davis(17.5); Dante Exum(5.0); Kyrie Irving(5.0); Dereck Lively II(5.7),1.12,3.5,-0.3503999999999999,0.4700000000000002,客EV=0.47★,,,,,,
2026-01-31,PHI,NOP,0.7,🟢 High (Home),7.5,0.07,1,Quentin Grimes(10.4),Dejounte Murray(5.0),1.16,3.2,-0.188,-0.0399999999999998,觀望,,,,,,
2026-01-31,MEM,MIN,0.36,Toss-up,-5.95,0.63,-8,Santi Aldama(12.2); Brandon Clarke(3.1); Zach Edey(13.3); Ty Jerome(5.0); Ja Morant(14.2); Scotty Pippen Jr.(5.0),Terrence Shannon Jr.(2.5),2.7,1.25,-0.028,-0.1999999999999999,觀望,,,,,,
2026-01-30,WAS,LAL,0.36,Toss-up,-10.13,-0.15,3,Marvin Bagley III(9.5); Tristan Vukcevic(4.9); Cam Whitmore(6.2); Trae Young(16.0),Luka Dončić(26.5); Austin Reaves(21.3); Adou Thiero(1.1),2.95,1.2,0.062,-0.2319999999999999,主EV=0.06,,,,,,
2026-01-30,DEN,LAC,0.55,Toss-up,4.53,0.34,-2,Tamar Bates(5.0); Christian Braun(7.7); Aaron Gordon(14.6); Cameron Johnson(9.0); Nikola Jokić(31.0),Bradley Beal(3.2); Bogdan Bogdanović(5.1); Derrick Jones Jr.(8.7); Kawhi Leonard(22.6),2.4,1.32,0.32,-0.406,主EV=0.32★,,,,,,
2026-01-30,GSW,DET,0.46,Toss-up,-4.21,0.42,2,Jimmy Butler(19.1); LJ Cryer(1.1); Seth Curry(7.3); Jonathan Kuminga(8.5); Gui Santos(3.8),Caris LeVert(6.2),1.65,1.78,-0.241,-0.0387999999999999,觀望,,,,,,
2026-01-30,UTA,BRK,0.38,Toss-up,-1.21,0.33,3,Walker Kessler(15.7); Kevin Love(6.5); Lauri Markkanen(20.7); Georges Niang(5.0); Jusuf Nurkić(11.8); Cody Williams(3.9),Noah Clowney(8.6); Egor Dёmin(7.7); Haywood Highsmith(5.0); Cam Thomas(9.2); Ziaire Williams(6.5),1.53,1.93,-0.4185999999999999,0.1965999999999998,客EV=0.20★,,,,,,
2026-01-30,ORL,TOR,0.36,Toss-up,-2.41,0.15,2,Colin Castleton(5.0); Franz Wagner(17.3),Jakob Poeltl(10.0),1.65,1.78,-0.406,0.1392,客EV=0.14★,,,,,,
2026-01-30,PHO,CLE,0.59,Toss-up,0.12,-0.11,-3,Devin Booker(18.1); Jalen Green(7.8),Darius Garland(13.4); Evan Mobley(16.1); Max Strus(5.0),2.2,1.4,0.298,-0.426,主EV=0.30★,,,,,,
2026-01-30,NYK,POR,0.59,Toss-up,6.35,-0.45,7,Josh Hart(12.2); Miles McBride(9.8),Deni Avdija(20.1); Scoot Henderson(5.0); Damian Lillard(5.0); Kris Murray(5.8); Duop Reath(2.2); Matisse Thybulle(6.2); Blake Wesley(5.4); Robert Williams(8.2),1.23,2.8,-0.2743000000000001,0.1479999999999999,客EV=0.15★,,,,,,
2026-01-30,BOS,SAC,0.74,🟢 High (Home),16.73,0.05,6,Jaylen Brown(19.9); Neemias Queta(11.1); Jayson Tatum(5.0),Malik Monk(8.6); Keegan Murray(11.1); Russell Westbrook(12.3),1.16,3.2,-0.1416,-0.1679999999999999,觀望,,,,,,
2026-01-30,NOP,MEM,0.77,🟢 High (Home),-5.51,-0.6,3,Dejounte Murray(5.0),Santi Aldama(12.2); Brandon Clarke(3.1); Zach Edey(13.3); Ty Jerome(5.0); Ja Morant(14.2); Scotty Pippen Jr.(5.0),1.53,1.93,0.1781000000000001,-0.5561,主EV=0.18★🔥,,,,,,
2026-01-29,WAS,MIL,0.41,Toss-up,-6.89,0.1,4,Marvin Bagley III(9.5); Alex Sarr(15.0); Tristan Vukcevic(4.9); Cam Whitmore(6.2); Trae Young(16.0),Giannis Antetokounmpo(24.5); Kevin Porter Jr.(15.0); Taurean Prince(4.1),1.86,1.58,-0.2374,-0.0677999999999998,觀望,,,,,,
2026-01-29,DAL,CHO,0.35,🔴 High (Away),-3.57,0.65,-6,Anthony Davis(17.5); Dante Exum(5.0); Cooper Flagg(14.6); Kyrie Irving(5.0); Dereck Lively II(5.7); Klay Thompson(7.1),Mason Plumlee(2.8),2.07,1.45,-0.2755000000000001,-0.0574999999999999,觀望,,,,,,
2026-01-29,PHO,DET,0.37,Toss-up,-4.62,0.39,-1,Devin Booker(18.1); Collin Gillespie(12.0); Jalen Green(7.8),Caris LeVert(6.2),2.15,1.42,-0.2045,-0.1054,觀望,,,,,,
2026-01-29,PHI,SAC,0.63,Toss-up,10.27,0.18,7,Charles Bassey(4.6); Joel Embiid(19.1); Paul George(12.5); Quentin Grimes(10.4),Malik Monk(8.6); Keegan Murray(11.1); Russell Westbrook(12.3),1.12,3.5,-0.2943999999999999,0.2949999999999999,客EV=0.29★,,,,,,
2026-01-29,MIN,OKC,0.64,Toss-up,-8.15,-0.57,1,Terrence Shannon Jr.(2.5),Alex Caruso(6.2); Ajay Mitchell(11.6); Thomas Sorber(5.0); Nikola Topić(5.0); Cason Wallace(6.8); Jalen Williams(13.8),2.4,1.32,0.536,-0.5247999999999999,主EV=0.54★,,,,,,
2026-01-29,DEN,BRK,0.69,🟢 High (Home),11.72,0.65,5,Tamar Bates(5.0); Christian Braun(7.7); Aaron Gordon(14.6); Cameron Johnson(9.0); Nikola Jokić(31.0); Jamal Murray(21.0); Jonas Valančiūnas(7.5),Noah Clowney(8.6); Egor Dёmin(7.7); Haywood Highsmith(5.0); Terance Mann(7.1); Cam Thomas(9.2); Ziaire Williams(6.5),1.25,2.7,-0.1375,-0.1629999999999998,觀望,,,,,,
2026-01-29,CHI,MIA,0.29,🔴 High (Away),-3.4,0.38,-1,Zach Collins(8.6); Josh Giddey(17.1); Kevin Huerter(8.4); Tre Jones(13.1); Jalen Smith(8.9),Tyler Herro(16.0); Davion Mitchell(9.5),1.73,1.7,-0.4983000000000001,0.2069999999999998,客EV=0.21★🔥,,,,,,
2026-01-29,ATL,HOU,0.41,Toss-up,-7.06,0.29,5,N'Faly Dante(1.1); Onyeka Okongwu(13.6); Kristaps Porziņģis(13.6); Zaccharie Risacher(8.0),Steven Adams(8.0); Fred VanVleet(5.0),2.0,1.48,-0.18,-0.1267999999999999,觀望,,,,,,
2026-01-28,MIA,ORL,0.48,Toss-up,1.43,0.39,6,Tyler Herro(16.0); Davion Mitchell(9.5); Norman Powell(16.1); Kel'el Ware(12.0),Colin Castleton(5.0); Franz Wagner(17.3),1.52,1.94,-0.2704,0.0087999999999999,客EV=0.01,,,,,,
2026-01-28,HOU,SAS,0.42,Toss-up,1.31,0.12,3,Steven Adams(8.0); Fred VanVleet(5.0),Jeremy Sochan(3.3),1.53,1.93,-0.3574,0.1194000000000001,客EV=0.12★,,,,,,
2026-01-28,CLE,LAL,0.62,Toss-up,2.38,0.39,2,Darius Garland(13.4); De'Andre Hunter(8.9); Sam Merrill(10.2); Evan Mobley(16.1); Max Strus(5.0),Austin Reaves(21.3); Adou Thiero(1.1),1.5,1.96,-0.07,-0.2552,觀望,,,,,,
2026-01-28,IND,CHI,0.34,🔴 High (Away),-5.99,-0.01,0,Tyrese Haliburton(5.0); Obi Toppin(9.2); Jarace Walker(6.5),Zach Collins(8.6); Tre Jones(13.1),1.82,1.62,-0.3812,0.0691999999999999,客EV=0.07🔥,,,,,,
2026-01-28,BOS,ATL,0.77,🟢 High (Home),7.85,0.01,-2,Luka Garza(7.4); Neemias Queta(11.1); Jayson Tatum(5.0),N'Faly Dante(1.1); Kristaps Porziņģis(13.6); Zaccharie Risacher(8.0),1.28,2.55,-0.0143999999999999,-0.4135000000000001,觀望,,,,,,
2026-01-28,MEM,CHO,0.47,Toss-up,-1.64,0.43,-6,Brandon Clarke(3.1); Zach Edey(13.3); Ty Jerome(5.0); Ja Morant(14.2); Scotty Pippen Jr.(5.0),Mason Plumlee(2.8); KJ Simpson(3.7),1.86,1.58,-0.1258,-0.1625999999999999,觀望,,,,,,
2026-01-28,UTA,GSW,0.31,🔴 High (Away),-11.69,-0.21,-2,Keyonte George(18.3); Walker Kessler(15.7); Georges Niang(5.0); Jusuf Nurkić(11.8),Jimmy Butler(19.1); LJ Cryer(1.1); Seth Curry(7.3); Stephen Curry(19.9); Draymond Green(7.5); Jonathan Kuminga(8.5); Gary Payton II(4.5),3.2,1.16,-0.008,-0.1996000000000001,觀望,,,,,,
2026-01-28,DAL,MIN,0.52,Toss-up,-5.98,0.28,-2,Anthony Davis(17.5); Dante Exum(5.0); Cooper Flagg(14.6); Kyrie Irving(5.0); Dereck Lively II(5.7),Anthony Edwards(21.4); Leonard Miller(1.7); Terrence Shannon Jr.(2.5),2.55,1.28,0.3259999999999998,-0.3856,主EV=0.33★,,,,,,
2026-01-28,TOR,NYK,0.35,🔴 High (Away),-2.48,0.22,1,Collin Murray-Boyles(7.8); Jakob Poeltl(10.0),,1.6,1.85,-0.44,0.2025000000000001,客EV=0.20★🔥,,,,,,
2026-01-27,PHO,BRK,0.83,🟢 High (Home),9.38,-0.08,3,Devin Booker(18.1); Jalen Green(7.8),Noah Clowney(8.6); Haywood Highsmith(5.0); Tyrese Martin(5.8); Cam Thomas(9.3); Nolan Traoré(3.4),1.2,2.95,-0.0040000000000001,-0.4984999999999998,觀望,,,,,,
2026-01-27,NYK,SAC,0.64,Toss-up,13.97,-0.4,7,,Zach LaVine(12.7); Malik Monk(8.6); Keegan Murray(11.1),,,,,無賠率,,,,,,
2026-01-27,PHI,MIL,0.67,🟢 High (Home),4.87,-0.1,0,Charles Bassey(4.6); Joel Embiid(18.9); Paul George(12.0),Giannis Antetokounmpo(24.5); Kevin Porter Jr.(15.0); Taurean Prince(4.1),1.15,3.3,-0.2295,0.0889999999999997,客EV=0.09,,,,,,
2026-01-27,UTA,LAC,0.35,🔴 High (Away),-6.86,0.39,-4,Keyonte George(18.3); Walker Kessler(15.7); Kevin Love(6.6); Lauri Markkanen(21.1); Georges Niang(5.0); Jusuf Nurkić(11.8),Bradley Beal(3.2); Bogdan Bogdanović(5.1); Kris Dunn(7.4); Derrick Jones Jr.(8.7); Kawhi Leonard(22.8),2.85,1.22,-0.0025,-0.2069999999999999,觀望,,,,,,
2026-01-27,OKC,NOP,0.55,Toss-up,19.77,0.7,-4,Alex Caruso(6.2); Isaiah Hartenstein(12.5); Ajay Mitchell(11.6); Thomas Sorber(5.0); Nikola Topić(5.0); Cason Wallace(6.8); Jalen Williams(13.8),Dejounte Murray(5.0),,,,,無賠率,,,,,,
2026-01-27,WAS,POR,0.36,Toss-up,-9.05,0.03,-7,Marvin Bagley III(9.5); Bilal Coulibaly(8.1); Khris Middleton(7.2); Tristan Vukcevic(4.9); Cam Whitmore(6.2); Trae Young(16.0),Deni Avdija(20.3); Scoot Henderson(5.0); Damian Lillard(5.0); Kris Murray(5.8); Duop Reath(2.2); Matisse Thybulle(6.2); Blake Wesley(5.4),2.55,1.28,-0.082,-0.1807999999999999,觀望,,,,,,
2026-01-27,DEN,DET,0.38,Toss-up,-2.29,1.26,1,Tamar Bates(5.0); Christian Braun(7.7); Aaron Gordon(14.6); Cameron Johnson(9.0); Nikola Jokić(31.0); Jamal Murray(21.1); Jonas Valančiūnas(7.3); Peyton Watson(11.4),Caris LeVert(6.2),2.55,1.28,-0.031,-0.2064,觀望,,,,,,
2026-01-26,MIN,GSW,0.68,🟢 High (Home),1.67,-0.4,-6,Terrence Shannon Jr.(2.5),Jimmy Butler(19.1); Seth Curry(7.3); Jonathan Kuminga(8.5),1.25,2.7,-0.1499999999999999,-0.1360000000000001,觀望,,,,,,
2026-01-26,CLE,ORL,0.56,Toss-up,1.69,0.19,6,Darius Garland(13.4); De'Andre Hunter(8.9); Sam Merrill(10.2); Max Strus(5.0),Colin Castleton(5.0); Franz Wagner(17.3),1.33,2.35,-0.2551999999999998,0.0339999999999998,客EV=0.03,,,,,,
2026-01-26,CHO,PHI,0.72,🟢 High (Home),-0.76,-0.17,3,Mason Plumlee(2.8); Collin Sexton(11.0); KJ Simpson(3.7),Joel Embiid(18.9); Paul George(12.0),1.5,1.96,0.08,-0.4511999999999999,主EV=0.08🔥,,,,,,
2026-01-26,HOU,MEM,0.51,Toss-up,7.05,-0.45,3,Steven Adams(8.0); Aaron Holiday(3.6); Fred VanVleet(5.0),Santi Aldama(12.2); Brandon Clarke(3.1); Zach Edey(13.3); Ty Jerome(5.0); Ja Morant(14.2); Scotty Pippen Jr.(5.0),1.15,3.3,-0.4135000000000001,0.617,客EV=0.62★,,,,,,
2026-01-26,CHI,LAL,0.57,Toss-up,-1.46,-0.11,3,Zach Collins(8.6); Tre Jones(13.1),Jake LaRavia(8.4); Austin Reaves(21.3); Adou Thiero(1.1),1.73,1.7,-0.0139000000000001,-0.2689999999999999,觀望,,,,,,
2026-01-26,BOS,POR,0.67,🟢 High (Home),8.3,-0.45,0,Josh Minott(6.3); Neemias Queta(11.2); Jayson Tatum(5.0),Deni Avdija(20.3); Scoot Henderson(5.0); Damian Lillard(5.0); Kris Murray(5.8); Duop Reath(2.2); Matisse Thybulle(6.2); Blake Wesley(5.4); Robert Williams(8.2),1.2,2.95,-0.1959999999999999,-0.0265,觀望,,,,,,
2026-01-26,ATL,IND,0.7,🟢 High (Home),6.71,-0.1,1,N'Faly Dante(1.1); Kristaps Porziņģis(13.6); Zaccharie Risacher(8.0),Tyrese Haliburton(5.0); Quenton Jackson(5.3); Bennedict Mathurin(11.3); Obi Toppin(9.2),1.38,2.25,-0.0340000000000001,-0.3249999999999999,觀望,,,,,,
2026-01-25,PHO,MIA,0.61,Toss-up,2.26,-0.15,-2,Devin Booker(18.1); Jalen Green(7.8),Tyler Herro(16.0); Davion Mitchell(9.5); Kel'el Ware(12.0),1.48,2.0,-0.0972,-0.2199999999999999,觀望,,,,,,
2026-01-25,DET,SAC,0.75,🟢 High (Home),16.74,0.04,3,Cade Cunningham(20.5); Caris LeVert(6.2),Zach LaVine(12.7); Keegan Murray(11.1),,,,,無賠率,,,,,,
2026-01-25,OKC,TOR,0.63,Toss-up,11.46,0.31,-4,Alex Caruso(6.2); Isaiah Hartenstein(12.5); Ajay Mitchell(11.6); Thomas Sorber(5.0); Nikola Topić(5.0); Aaron Wiggins(7.8); Jalen Williams(13.8),Collin Murray-Boyles(7.8); Jakob Poeltl(10.0); Immanuel Quickley(14.4); Ja'Kobe Walter(4.7),,,,,無賠率,,,,,,
2026-01-25,LAC,BRK,0.68,🟢 High (Home),5.43,0.28,5,Bradley Beal(3.2); Bogdan Bogdanović(5.1); Derrick Jones Jr.(8.7); Kawhi Leonard(22.8),Haywood Highsmith(5.0); Cam Thomas(9.3); Nolan Traoré(3.4),1.2,2.95,-0.1839999999999999,-0.056,觀望,,,,,,
2026-01-25,MIL,DAL,0.65,🟢 High (Home),-1.53,0.23,-1,Giannis Antetokounmpo(24.5); A.J. Green(7.4); Kevin Porter Jr.(15.0); Taurean Prince(4.1); Gary Trent Jr.(5.1),Moussa Cisse(4.4); Anthony Davis(17.5); Dante Exum(5.0); Kyrie Irving(5.0); Dereck Lively II(5.7),1.65,1.78,0.0725,-0.377,主EV=0.07🔥,,,,,,
2026-01-25,SAS,NOP,0.64,Toss-up,11.9,0.13,0,Luke Kornet(10.8); Devin Vassell(10.7),Jose Alvarado(6.5); Dejounte Murray(5.0),,,,,無賠率,,,,,,
2026-01-25,MEM,DEN,0.49,Toss-up,-5.31,-0.68,-4,Santi Aldama(12.2); Brandon Clarke(3.1); Zach Edey(13.3); Ty Jerome(5.0); Ja Morant(14.2); Scotty Pippen Jr.(5.0),Tamar Bates(5.0); Christian Braun(7.7); Aaron Gordon(14.6); Cameron Johnson(9.0); Nikola Jokić(31.0); Jamal Murray(21.1); Jonas Valančiūnas(7.3); Peyton Watson(11.4),1.5,1.96,-0.265,-0.0003999999999999,觀望,,,,,,
2026-01-25,MIN,GSW,0.7,🟢 High (Home),1.66,-0.65,-2,Terrence Shannon Jr.(2.5),Jimmy Butler(19.1); Seth Curry(7.3); Stephen Curry(19.8); Jonathan Kuminga(8.5),1.26,2.6,-0.1180000000000001,-0.2199999999999998,觀望,,,,,,
2026-01-24,CHO,WAS,0.72,🟢 High (Home),10.59,-0.29,9,Ryan Kalkbrenner(9.9); Brandon Miller(12.8); Mason Plumlee(2.8); KJ Simpson(3.7),Marvin Bagley III(9.5); Bilal Coulibaly(8.1); AJ Johnson(0.5); Khris Middleton(7.2); Tristan Vukcevic(4.9); Cam Whitmore(6.2); Trae Young(16.0),1.13,3.4,-0.1864000000000001,-0.0479999999999999,觀望,,,,,,
2026-01-24,ORL,CLE,0.64,Toss-up,-0.93,0.07,-4,Colin Castleton(5.0); Jalen Suggs(12.2); Franz Wagner(17.3),Darius Garland(13.4); Sam Merrill(10.2); Max Strus(5.0),1.65,1.78,0.056,-0.3591999999999999,主EV=0.06,,,,,,
2026-01-24,DAL,LAL,0.54,Toss-up,-2.06,0.29,5,Moussa Cisse(4.4); Anthony Davis(17.5); Dante Exum(5.0); Daniel Gafford(8.1); Kyrie Irving(5.0); Dereck Lively II(5.7),Austin Reaves(21.3); Adou Thiero(1.1),2.07,1.45,0.1177999999999999,-0.3330000000000001,主EV=0.12★,,,,,,
2026-01-24,CHI,BOS,0.39,Toss-up,-9.07,0.23,1,Zach Collins(8.6); Josh Giddey(17.8); Tre Jones(13.1); Lachlan Olbrich(0.3); Patrick Williams(4.6),Josh Minott(6.3); Jayson Tatum(5.0); Derrick White(14.4),1.68,1.75,-0.3448,0.0674999999999999,客EV=0.07,,,,,,
2026-01-24,UTA,MIA,0.3,🔴 High (Away),-8.81,-0.03,0,Walker Kessler(15.7); Kevin Love(6.6); Lauri Markkanen(21.1); Georges Niang(5.0); Jusuf Nurkić(11.6),Tyler Herro(16.0); Pelle Larsson(8.0); Davion Mitchell(9.5); Norman Powell(16.5); Kel'el Ware(12.0),2.5,1.3,-0.25,-0.09,觀望,,,,,,
2026-01-24,MIN,GSW,0.71,🟢 High (Home),1.66,-0.4,-2,Terrence Shannon Jr.(2.5),Jimmy Butler(19.1); Seth Curry(7.3); Jonathan Kuminga(8.5),1.32,2.4,-0.0627999999999999,-0.3039999999999999,觀望,,,,,,
2026-01-24,PHI,NYK,0.62,Toss-up,-1.93,0.17,0,Joel Embiid(18.4); Paul George(12.2),Karl-Anthony Towns(17.0),1.72,1.72,0.0664,-0.3464,主EV=0.07,,,,,,
2026-01-23,DET,HOU,0.61,Toss-up,0.58,0.32,5,Cade Cunningham(20.9); Ron Holland(6.2); Caris LeVert(6.2); Duncan Robinson(8.9),Steven Adams(8.0); Aaron Holiday(3.6); Fred VanVleet(5.0),1.38,2.25,-0.1582000000000001,-0.1224999999999999,觀望,,,,,,
2026-01-23,OKC,IND,0.55,Toss-up,20.81,0.46,5,Alex Caruso(6.2); Isaiah Hartenstein(12.5); Ajay Mitchell(11.6); Thomas Sorber(5.0); Nikola Topić(5.0); Aaron Wiggins(7.8); Jalen Williams(13.8); Jaylin Williams(5.4),Tyrese Haliburton(5.0); Quenton Jackson(5.3); Bennedict Mathurin(11.3); Obi Toppin(9.2),,,,,無賠率,,,,,,
2026-01-23,MEM,NOP,0.62,Toss-up,6.42,0.43,2,Santi Aldama(12.2); Brandon Clarke(3.1); Zach Edey(13.3); Ty Jerome(5.0); Ja Morant(14.2); Scotty Pippen Jr.(5.0),Jose Alvarado(6.5); Herbert Jones(7.0); Dejounte Murray(5.0),1.33,2.35,-0.1754,-0.1069999999999999,觀望,,,,,,
2026-01-23,POR,TOR,0.51,Toss-up,-3.17,0.14,2,Deni Avdija(20.3); Scoot Henderson(5.0); Damian Lillard(5.0); Kris Murray(5.8); Matisse Thybulle(6.2); Blake Wesley(5.4),RJ Barrett(14.5); Collin Murray-Boyles(7.8); Jakob Poeltl(10.0); Ja'Kobe Walter(4.7),2.05,1.46,0.0454999999999998,-0.2846000000000001,主EV=0.05,,,,,,
2026-01-23,MIL,DEN,0.39,Toss-up,-7.53,-0.3,-2,Kevin Porter Jr.(15.0); Taurean Prince(4.1); Myles Turner(9.7),Tamar Bates(5.0); Christian Braun(7.7); Cameron Johnson(9.0); Nikola Jokić(31.0),1.33,2.35,-0.4812999999999999,0.4335,客EV=0.43★,,,,,,
2026-01-23,ATL,PHO,0.29,🔴 High (Away),-4.24,0.28,-2,N'Faly Dante(1.1); Kristaps Porziņģis(13.6); Zaccharie Risacher(8.0),,1.94,1.52,-0.4374,0.0791999999999999,客EV=0.08🔥,,,,,,
2026-01-23,CLE,SAC,0.54,Toss-up,11.25,0.22,4,Darius Garland(13.4); Sam Merrill(10.2); Max Strus(5.0),Keegan Murray(11.1),,,,,無賠率,,,,,,
2026-01-23,BRK,BOS,0.25,🔴 High (Away),-12.34,-0.08,-4,Haywood Highsmith(5.0),Josh Minott(6.3); Jayson Tatum(5.0),3.1,1.18,-0.2249999999999999,-0.1149999999999999,觀望,,,,,,
2026-01-22,LAC,LAL,0.5,Toss-up,-0.24,0.06,-3,Bradley Beal(3.2); Bogdan Bogdanović(5.1); Derrick Jones Jr.(8.7); Kawhi Leonard(22.9),Deandre Ayton(12.8); Austin Reaves(21.3); Adou Thiero(1.1),1.68,1.75,-0.16,-0.125,觀望,,,,,,
2026-01-22,ORL,CHO,0.44,Toss-up,1.13,0.13,0,Colin Castleton(5.0); Jalen Suggs(12.2),Mason Plumlee(2.8); KJ Simpson(3.7),1.3,2.5,-0.4279999999999999,0.4000000000000001,客EV=0.40★,,,,,,
2026-01-22,PHI,HOU,0.54,Toss-up,-5.09,0.17,-4,Joel Embiid(17.9); Paul George(12.3),Steven Adams(8.0); Aaron Holiday(3.6); Fred VanVleet(5.0),1.82,1.62,-0.0171999999999998,-0.2548,觀望,,,,,,
2026-01-22,MIN,CHI,0.81,🟢 High (Home),7.69,-0.35,-5,Terrence Shannon Jr.(2.5),Zach Collins(8.6); Josh Giddey(17.7); Patrick Williams(4.6),1.16,3.2,-0.0604,-0.3920000000000001,觀望,,,,,,
2026-01-22,UTA,SAS,0.33,🔴 High (Away),-12.89,0.54,2,Keyonte George(18.4); Walker Kessler(15.7); Lauri Markkanen(21.1); Georges Niang(5.0); Brice Sensabaugh(8.1),Luke Kornet(10.8); Jeremy Sochan(3.4); Devin Vassell(10.7),,,,,無賠率,,,,,,
2026-01-22,DAL,GSW,0.38,Toss-up,-6.27,0.18,4,Moussa Cisse(4.5); Anthony Davis(17.5); Dante Exum(5.0); Daniel Gafford(8.1); Kyrie Irving(5.0); Dereck Lively II(5.7),Jimmy Butler(19.1); Seth Curry(7.3); Gary Payton II(4.8),2.15,1.42,-0.183,-0.1196,觀望,,,,,,
2026-01-22,WAS,DEN,0.42,Toss-up,-15.4,-0.66,-5,Marvin Bagley III(9.5); Bilal Coulibaly(8.1); AJ Johnson(0.5); Khris Middleton(7.4); Tristan Vukcevic(4.9); Cam Whitmore(6.2); Trae Young(16.0),Tamar Bates(5.0); Christian Braun(7.7); Aaron Gordon(14.7); Tim Hardaway Jr.(10.0); Cameron Johnson(9.0); Nikola Jokić(31.0); Jamal Murray(21.2); Jonas Valančiūnas(7.1),2.35,1.33,-0.013,-0.2285999999999999,觀望,,,,,,
2026-01-22,POR,MIA,0.57,Toss-up,-2.75,0.49,2,Sidy Cissoko(4.1); Jerami Grant(13.7); Scoot Henderson(5.0); Jrue Holiday(13.5); Damian Lillard(5.0); Kris Murray(5.8); Matisse Thybulle(6.2); Blake Wesley(5.4); Robert Williams(8.2),Tyler Herro(16.0); Kel'el Ware(12.0),1.66,1.76,-0.0538000000000001,-0.2431999999999998,觀望,,,,,,
2026-01-21,MIL,OKC,0.26,🔴 High (Away),-15.91,-0.24,0,Kevin Porter Jr.(15.0); Taurean Prince(4.1); Myles Turner(9.7),Alex Caruso(6.2); Isaiah Hartenstein(12.5); Thomas Sorber(5.0); Nikola Topić(5.0); Jalen Williams(13.8); Jaylin Williams(5.4),3.1,1.18,-0.1939999999999999,-0.1268,觀望,,,,,,
2026-01-21,CHO,CLE,0.49,Toss-up,-2.88,-0.21,2,Mason Plumlee(2.8); Tidjane Salaün(5.3); KJ Simpson(3.7),Darius Garland(13.4); Sam Merrill(10.2); Max Strus(5.0),1.9,1.55,-0.069,-0.2094999999999999,觀望,,,,,,
2026-01-21,NOP,DET,0.24,🔴 High (Away),-14.42,0.23,-5,Jose Alvarado(6.5); Herbert Jones(7.0); Dejounte Murray(5.0),,3.2,1.16,-0.2319999999999999,-0.1184,觀望,,,,,,
2026-01-21,BOS,IND,0.64,Toss-up,14.88,0.07,1,Jaylen Brown(20.0); Josh Minott(6.3); Jayson Tatum(5.0),Tyrese Haliburton(5.0); Bennedict Mathurin(11.3); Obi Toppin(9.2),1.12,3.5,-0.2831999999999999,0.26,客EV=0.26★,,,,,,
2026-01-21,MEM,ATL,0.55,Toss-up,0.09,0.2,5,Santi Aldama(12.2); Brandon Clarke(3.1); Zach Edey(13.3); Ty Jerome(5.0); Scotty Pippen Jr.(5.0),N'Faly Dante(1.1); Kristaps Porziņģis(13.6); Zaccharie Risacher(8.0),1.56,1.88,-0.1419999999999999,-0.1540000000000001,觀望,,,,,,
2026-01-21,SAC,TOR,0.35,🔴 High (Away),-10.61,-0.32,-3,Keegan Murray(11.1),RJ Barrett(14.5); Collin Murray-Boyles(7.8); Jakob Poeltl(10.0); Ja'Kobe Walter(4.7),2.1,1.43,-0.265,-0.0705,觀望,,,,,,
2026-01-21,NYK,BRK,0.81,🟢 High (Home),9.01,-0.17,-2,,Haywood Highsmith(5.0); Day'Ron Sharpe(8.7),,,,,無賠率,,,,,,
2026-01-20,HOU,SAS,0.36,Toss-up,1.78,0.15,-1,Steven Adams(8.0); Tari Eason(9.7); Fred VanVleet(5.0),Devin Vassell(10.7),1.46,2.05,-0.4744,0.3119999999999998,客EV=0.31★,,,,,,
2026-01-20,CHI,LAC,0.62,Toss-up,-2.57,-0.11,-5,Zach Collins(8.6); Josh Giddey(17.7); Patrick Williams(4.6),Bradley Beal(3.2); Bogdan Bogdanović(5.1); Derrick Jones Jr.(8.7); Kawhi Leonard(22.9),1.48,2.0,-0.0824,-0.24,觀望,,,,,,
2026-01-20,UTA,MIN,0.27,🔴 High (Away),-13.07,0.45,-2,Walker Kessler(15.7); Lauri Markkanen(21.1); Georges Niang(5.0); Brice Sensabaugh(8.1),Naz Reid(11.5); Terrence Shannon Jr.(2.5),3.3,1.15,-0.1089999999999999,-0.1605000000000001,觀望,,,,,,
2026-01-20,SAC,MIA,0.31,🔴 High (Away),-10.92,-0.06,0,Keegan Murray(11.1),Tyler Herro(16.0),1.88,1.56,-0.4172,0.0764,客EV=0.08🔥,,,,,,
2026-01-20,GSW,TOR,0.53,Toss-up,1.63,-0.13,6,Seth Curry(7.3); Draymond Green(7.7); De'Anthony Melton(7.9); Gui Santos(3.3),RJ Barrett(14.5); Collin Murray-Boyles(7.8); Jakob Poeltl(10.0); Ja'Kobe Walter(4.7),1.5,1.96,-0.2049999999999999,-0.0788,觀望,,,,,,
2026-01-20,PHI,PHO,0.6,Toss-up,-1.49,0.01,-1,Paul George(12.3),Jalen Green(11.2),1.66,1.76,-0.0040000000000001,-0.2959999999999999,觀望,,,,,,
2026-01-20,DEN,LAL,0.46,Toss-up,6.22,1.04,-2,Tamar Bates(5.0); Christian Braun(7.7); Aaron Gordon(14.6); Tim Hardaway Jr.(10.1); Cameron Johnson(9.0); Nikola Jokić(31.0); Jamal Murray(21.1); Jonas Valančiūnas(7.1),Austin Reaves(21.3); Adou Thiero(1.1),1.86,1.58,-0.1443999999999999,-0.1467999999999999,觀望,,,,,,
2026-01-19,WAS,LAC,0.2,🔴 High (Away),-10.01,-0.06,-11,Bilal Coulibaly(8.1); Tristan Vukcevic(4.9); Cam Whitmore(6.2); Trae Young(16.0),Bradley Beal(3.2); Bogdan Bogdanović(5.1); Derrick Jones Jr.(8.7); Kawhi Leonard(22.9),2.7,1.25,-0.4599999999999999,0.0,觀望,,,,,,
2026-01-19,SAS,UTA,0.85,🟢 High (Home),12.4,-0.49,5,Devin Vassell(10.7),Isaiah Collier(8.3); Walker Kessler(15.7); Lauri Markkanen(21.1); Georges Niang(5.0),,,,,無賠率,,,,,,
2026-01-19,BRK,PHO,0.55,Toss-up,-7.52,-0.02,-2,Haywood Highsmith(5.0); Michael Porter Jr.(18.9); Drake Powell(4.5); Ziaire Williams(6.3),Devin Booker(18.2); Jamaree Bouyea(7.2); Jalen Green(11.2),2.85,1.22,0.5675000000000001,-0.451,主EV=0.57★,,,,,,
2026-01-19,ATL,MIL,0.45,Toss-up,2.15,0.39,0,Dyson Daniels(12.6); N'Faly Dante(1.1); Kristaps Porziņģis(13.6); Zaccharie Risacher(8.0),Taurean Prince(4.1),1.56,1.88,-0.2979999999999999,0.034,客EV=0.03,,,,,,
2026-01-19,NYK,DAL,0.63,Toss-up,7.11,-0.52,-5,Jalen Brunson(20.1); Josh Hart(12.3),Anthony Davis(17.5); Dante Exum(5.0); Cooper Flagg(14.8); Daniel Gafford(8.1); Kyrie Irving(5.0); Dereck Lively II(5.7); D'Angelo Russell(6.9); P.J. Washington(10.9),1.16,3.2,-0.2692,0.1839999999999999,客EV=0.18★,,,,,,
2026-01-19,CLE,OKC,0.45,Toss-up,-10.52,-0.03,3,Darius Garland(13.4); Sam Merrill(10.2); Max Strus(5.0); Dean Wade(5.7),Isaiah Hartenstein(12.5); Thomas Sorber(5.0); Nikola Topić(5.0); Jalen Williams(13.8),2.5,1.3,0.125,-0.2849999999999999,主EV=0.12★,,,,,,
2026-01-19,GSW,MIA,0.56,Toss-up,1.44,-0.11,2,Jimmy Butler(19.2); Seth Curry(7.3); Gui Santos(3.3),Tyler Herro(16.0); Jaime Jaquez Jr.(12.8); Davion Mitchell(9.5),1.32,2.4,-0.2607999999999999,0.0559999999999998,客EV=0.06,,,,,,
2026-01-19,DET,BOS,0.66,🟢 High (Home),-0.22,-0.21,0,Tobias Harris(10.5),Chris Boucher(2.0); Josh Minott(6.3); Payton Pritchard(14.0); Jayson Tatum(5.0),1.52,1.94,0.0032,-0.3404,主EV=0.00🔥,,,,,,
2026-01-19,PHI,IND,0.87,🟢 High (Home),8.41,0.05,-1,Joel Embiid(17.5); Paul George(12.3),Tyrese Haliburton(5.0); Bennedict Mathurin(11.3); Obi Toppin(9.2),1.2,2.95,0.044,-0.6164999999999999,主EV=0.04🔥,,,,,,
2026-01-18,DEN,CHO,0.47,Toss-up,5.35,0.58,5,Tamar Bates(5.0); Christian Braun(7.7); Cameron Johnson(9.0); Nikola Jokić(31.0); Jonas Valančiūnas(7.1),Moussa Diabaté(10.1); Mason Plumlee(2.8),1.6,1.85,-0.248,-0.0194999999999998,觀望,,,,,,
2026-01-18,HOU,NOP,0.74,🟢 High (Home),13.68,-0.05,2,Tari Eason(9.7); Fred VanVleet(5.0),Jose Alvarado(6.5); Herbert Jones(7.0); Dejounte Murray(5.0),,,,,無賠率,,,,,,
2026-01-18,LAL,TOR,0.48,Toss-up,-2.14,0.28,-1,Deandre Ayton(12.7); Luka Dončić(26.2); Jaxson Hayes(6.6); Austin Reaves(21.3); Adou Thiero(1.1),RJ Barrett(14.5); Jamison Battle(2.6); Jakob Poeltl(10.0); Immanuel Quickley(13.6); Ja'Kobe Walter(4.7),1.68,1.75,-0.1936000000000001,-0.0899999999999999,觀望,,,,,,
2026-01-18,CHI,BRK,0.58,Toss-up,1.76,-0.05,-2,Zach Collins(8.6); Josh Giddey(17.7); Patrick Williams(4.6),Haywood Highsmith(5.0); Michael Porter Jr.(18.9); Drake Powell(4.5); Ziaire Williams(6.3),1.3,2.5,-0.246,0.05,客EV=0.05,,,,,,
2026-01-18,MEM,ORL,0.36,Toss-up,-2.22,0.4,-3,Santi Aldama(12.3); Brandon Clarke(3.1); Zach Edey(13.3); Ty Jerome(5.0); Ja Morant(13.2); Scotty Pippen Jr.(5.0),Colin Castleton(5.0); Jett Howard(3.0); Jalen Suggs(12.2),2.07,1.45,-0.2548000000000001,-0.072,觀望,,,,,,
2026-01-18,SAC,POR,0.56,Toss-up,-7.78,-0.41,2,Keon Ellis(3.9); Keegan Murray(11.1),Deni Avdija(20.2); Scoot Henderson(5.0); Damian Lillard(5.0); Kris Murray(5.8); Matisse Thybulle(6.2); Blake Wesley(5.4),1.6,1.85,-0.1039999999999998,-0.186,觀望,,,,,,
2026-01-17,DAL,UTA,0.63,Toss-up,3.61,0.43,3,Max Christie(9.3); Anthony Davis(17.5); Dante Exum(5.0); Cooper Flagg(14.8); Daniel Gafford(8.1); Kyrie Irving(5.0); Dereck Lively II(5.7); P.J. Washington(10.9),Walker Kessler(15.7); Lauri Markkanen(21.1); Georges Niang(5.0),1.46,2.05,-0.0802,-0.2415,觀望,,,,,,
2026-01-17,MIA,OKC,0.2,🔴 High (Away),-11.28,0.2,-6,Tyler Herro(16.0); Jaime Jaquez Jr.(12.8); Davion Mitchell(9.5),Isaiah Hartenstein(12.5); Thomas Sorber(5.0); Nikola Topić(5.0),3.2,1.16,-0.3599999999999999,-0.072,觀望,,,,,,
2026-01-17,NYK,PHO,0.57,Toss-up,1.58,-0.21,0,Jalen Brunson(20.1),Devin Booker(18.2); Jamaree Bouyea(7.2); Jalen Green(11.2),1.46,2.05,-0.1678,-0.1184999999999999,觀望,,,,,,
2026-01-17,DET,IND,0.78,🟢 High (Home),13.96,0.06,0,Cade Cunningham(21.3); Paul Reed(6.3); Ausar Thompson(9.8),Tyrese Haliburton(5.0); Isaiah Jackson(7.1); Bennedict Mathurin(11.3); Obi Toppin(9.2),,,,,無賠率,,,,,,
2026-01-17,SAS,MIN,0.47,Toss-up,-1.01,0.01,2,Stephon Castle(13.4); Devin Vassell(10.7),Anthony Edwards(21.2); Terrence Shannon Jr.(2.5),1.3,2.5,-0.389,0.3250000000000002,客EV=0.33★,,,,,,
2026-01-17,GSW,CHO,0.66,🟢 High (Home),2.97,-0.03,1,Seth Curry(7.3); Gui Santos(3.3),Moussa Diabaté(10.1); Mason Plumlee(2.8),1.3,2.5,-0.1419999999999999,-0.1500000000000001,觀望,,,,,,
2026-01-17,POR,LAL,0.46,Toss-up,-2.75,0.09,2,Deni Avdija(20.2); Jerami Grant(13.6); Scoot Henderson(5.0); Jrue Holiday(13.9); Damian Lillard(5.0); Kris Murray(5.8); Matisse Thybulle(6.2); Blake Wesley(5.4),Deandre Ayton(12.7); Luka Dončić(26.2); Jaxson Hayes(6.6); Austin Reaves(21.3); Adou Thiero(1.1),1.5,1.96,-0.3099999999999999,0.0584,客EV=0.06,,,,,,
2026-01-17,DEN,WAS,0.42,Toss-up,16.1,0.74,8,Tamar Bates(5.0); Christian Braun(7.7); Bruce Brown(6.2); Aaron Gordon(14.6); Cameron Johnson(9.0); Nikola Jokić(31.0); Jamal Murray(21.0); Jonas Valančiūnas(7.1),Bilal Coulibaly(8.1); Khris Middleton(7.1); Tristan Vukcevic(4.9); Cam Whitmore(6.2); Trae Young(16.0),,,,,無賠率,,,,,,
2026-01-17,ATL,BOS,0.47,Toss-up,-7.13,0.12,-3,Dyson Daniels(12.6); N'Faly Dante(1.1); Kristaps Porziņģis(13.6); Zaccharie Risacher(8.0),Josh Minott(6.3); Payton Pritchard(14.0); Jayson Tatum(5.0),2.0,1.48,-0.06,-0.2156,觀望,,,,,,
2026-01-16,HOU,MIN,0.55,Toss-up,2.45,-0.09,-3,Tari Eason(9.7); Dorian Finney-Smith(1.5); Fred VanVleet(5.0),Anthony Edwards(21.2); Terrence Shannon Jr.(2.5),1.45,2.07,-0.2025,-0.0685000000000001,觀望,,,,,,
2026-01-16,BRK,CHI,0.65,🟢 High (Home),-1.68,-0.33,-6,Haywood Highsmith(5.0); Ziaire Williams(6.3),Zach Collins(8.6); Josh Giddey(17.7); Kevin Huerter(8.8); Julian Phillips(2.5),1.62,1.82,0.0530000000000001,-0.363,主EV=0.05🔥,,,,,,
2026-01-16,PHI,CLE,0.32,🔴 High (Away),0.16,0.04,-2,Dominick Barlow(8.0); Joel Embiid(17.1); Paul George(12.2),Darius Garland(13.4); Sam Merrill(10.2); Max Strus(5.0); Dean Wade(5.7),1.6,1.85,-0.488,0.258,客EV=0.26★🔥,,,,,,
2026-01-16,SAC,WAS,0.52,Toss-up,0.11,-0.2,7,Keegan Murray(11.1); Domantas Sabonis(14.9),Bilal Coulibaly(8.1); Khris Middleton(7.1); Tristan Vukcevic(4.9); Cam Whitmore(6.2); Trae Young(16.0),1.26,2.6,-0.3448,0.248,客EV=0.25★,,,,,,
2026-01-16,IND,NOP,0.63,Toss-up,0.13,0.18,-2,Tyrese Haliburton(5.0); Isaiah Jackson(7.1); Bennedict Mathurin(11.3); Obi Toppin(9.2),Jose Alvarado(6.5); Herbert Jones(7.0); Dejounte Murray(5.0),1.48,2.0,-0.0676,-0.26,觀望,,,,,,
2026-01-16,TOR,LAC,0.57,Toss-up,2.62,-0.12,-3,RJ Barrett(14.5); Jamison Battle(2.6); Sandro Mamukelashvili(9.3); Jakob Poeltl(10.0); Immanuel Quickley(13.6); Garrett Temple(0.3); Ja'Kobe Walter(4.7),Bradley Beal(3.2); Bogdan Bogdanović(5.1); John Collins(10.1); Derrick Jones Jr.(8.7); Kawhi Leonard(22.9); Ivica Zubac(14.2),1.85,1.6,0.0544999999999999,-0.3119999999999998,主EV=0.05,,,,,,
2026-01-15,DET,PHO,0.6,Toss-up,3.87,-0.13,0,Jalen Duren(16.5); Tobias Harris(10.3); Isaiah Stewart(9.1),Devin Booker(18.2); Jamaree Bouyea(7.2); Jalen Green(11.2); Nigel Hayes-Davis(0.9); Royce O'Neale(8.8),1.26,2.6,-0.244,0.04,客EV=0.04,,,,,,
2026-01-15,POR,ATL,0.41,Toss-up,-2.45,0.34,-1,Deni Avdija(20.2); Jerami Grant(13.7); Scoot Henderson(5.0); Damian Lillard(5.0); Kris Murray(5.8); Matisse Thybulle(6.2); Blake Wesley(5.4),N'Faly Dante(1.1); Mouhamed Gueye(4.6); Luke Kennard(7.1); Kristaps Porziņģis(13.6); Zaccharie Risacher(8.0),2.1,1.43,-0.139,-0.1562999999999998,觀望,,,,,,
2026-01-15,ORL,MEM,0.74,🟢 High (Home),2.16,-0.34,0,Jalen Suggs(12.2),Brandon Clarke(3.1); Zach Edey(13.3); Ty Jerome(5.0); Ja Morant(13.2); Scotty Pippen Jr.(5.0),1.36,2.28,0.0063999999999999,-0.4072,主EV=0.01🔥,,,,,,
2026-01-15,SAS,MIL,0.82,🟢 High (Home),7.27,-0.23,0,Devin Vassell(10.7),Giannis Antetokounmpo(25.2); Taurean Prince(4.1),1.25,2.7,0.0249999999999999,-0.5139999999999998,主EV=0.02🔥,,,,,,
2026-01-15,MIA,BOS,0.33,🔴 High (Away),-5.53,0.41,3,Tyler Herro(15.7); Jaime Jaquez Jr.(12.8); Nikola Jović(6.3); Davion Mitchell(9.5),Josh Minott(6.3); Jayson Tatum(5.0),1.82,1.62,-0.3994,0.0853999999999999,客EV=0.09🔥,,,,,,
2026-01-15,LAL,CHO,0.4,Toss-up,-0.42,0.06,2,Jaxson Hayes(6.6); Austin Reaves(21.3); Adou Thiero(1.1),Moussa Diabaté(10.2); Mason Plumlee(2.8); Collin Sexton(11.2),1.43,2.1,-0.428,0.26,客EV=0.26★,,,,,,
2026-01-15,HOU,OKC,0.5,Toss-up,-5.32,-0.15,-3,Tari Eason(9.7); Dorian Finney-Smith(1.5); Fred VanVleet(5.0),Luguentz Dort(5.7); Isaiah Hartenstein(12.5); Thomas Sorber(5.0); Nikola Topić(5.0),2.1,1.43,0.05,-0.285,主EV=0.05,,,,,,
2026-01-15,DAL,UTA,0.69,🟢 High (Home),3.89,0.19,0,Max Christie(9.3); Anthony Davis(17.5); Dante Exum(5.0); Cooper Flagg(14.8); Kyrie Irving(5.0); Dereck Lively II(5.7),Walker Kessler(15.7); Lauri Markkanen(21.1); Georges Niang(5.0),1.75,1.68,0.2075,-0.4791999999999999,主EV=0.21★🔥,,,,,,
2026-01-15,GSW,NYK,0.52,Toss-up,-2.68,-0.25,2,Seth Curry(7.3),Jalen Brunson(20.1); Landry Shamet(7.1),1.25,2.7,-0.35,0.296,客EV=0.30★,,,,,,
2026-01-14,LAC,WAS,0.64,Toss-up,9.03,0.4,6,Bradley Beal(3.2); Bogdan Bogdanović(5.1); Derrick Jones Jr.(8.7); Kawhi Leonard(22.8); Ivica Zubac(14.2),Cam Whitmore(6.2); Trae Young(16.0),,,,,無賠率,,,,,,
2026-01-14,CHI,UTA,0.78,🟢 High (Home),4.56,0.17,-2,Zach Collins(8.6); Josh Giddey(17.7); Julian Phillips(2.5); Coby White(12.2),Walker Kessler(15.7); Kevin Love(6.6); Georges Niang(5.0),1.52,1.94,0.1856,-0.5732,主EV=0.19★🔥,,,,,,
2026-01-14,NOP,BRK,0.4,Toss-up,-2.37,0.05,2,Jose Alvarado(6.5); Herbert Jones(7.0); Dejounte Murray(5.0),Haywood Highsmith(5.0); Ben Saraf(3.5); Ziaire Williams(6.3),1.85,1.6,-0.2599999999999999,-0.04,觀望,,,,,,
2026-01-14,PHI,CLE,0.3,🔴 High (Away),-0.46,0.39,2,VJ Edgecombe(12.7); Joel Embiid(17.3); Paul George(12.1),Max Strus(5.0); Dean Wade(5.7),1.66,1.76,-0.502,0.2319999999999999,客EV=0.23★🔥,,,,,,
2026-01-14,DAL,DEN,0.27,🔴 High (Away),-9.15,0.03,-1,Max Christie(9.3); Anthony Davis(17.5); Dante Exum(5.0); Kyrie Irving(5.0); Dereck Lively II(5.7); P.J. Washington(11.1); Brandon Williams(8.7),Tamar Bates(5.0); Christian Braun(7.7); Cameron Johnson(9.0); Nikola Jokić(31.0); Jonas Valančiūnas(7.1),1.73,1.7,-0.5328999999999999,0.2409999999999998,客EV=0.24★🔥,,,,,,
2026-01-14,SAC,NYK,0.25,🔴 High (Away),-15.86,0.24,1,Keegan Murray(11.1); Domantas Sabonis(14.9),Landry Shamet(7.1),,,,,無賠率,,,,,,
2026-01-14,IND,TOR,0.3,🔴 High (Away),-9.24,-0.07,4,Tyrese Haliburton(5.0); Isaiah Jackson(7.1); Bennedict Mathurin(11.3); Obi Toppin(9.2),RJ Barrett(14.5); Sandro Mamukelashvili(9.3); Jakob Poeltl(10.0); Ja'Kobe Walter(4.7),1.9,1.55,-0.43,0.0849999999999999,客EV=0.08🔥,,,,,,
2026-01-13,OKC,SAS,0.78,🟢 High (Home),7.37,0.15,4,Isaiah Hartenstein(12.5); Thomas Sorber(5.0); Nikola Topić(5.0),Devin Vassell(10.7),1.26,2.6,-0.0171999999999999,-0.428,觀望,,,,,,
2026-01-13,MIL,MIN,0.37,Toss-up,-7.02,-0.12,-2,Taurean Prince(4.1); Myles Turner(9.9),Anthony Edwards(21.2); Terrence Shannon Jr.(2.5),1.5,1.96,-0.445,0.2347999999999999,客EV=0.23★,,,,,,
2026-01-13,NOP,DEN,0.43,Toss-up,-12.63,-0.87,-2,Jose Alvarado(6.5); Saddiq Bey(12.4); Herbert Jones(7.0); Dejounte Murray(5.0),Tamar Bates(5.0); Christian Braun(7.7); Aaron Gordon(14.5); Cameron Johnson(9.0); Nikola Jokić(31.0); Spencer Jones(5.3); Jamal Murray(20.7); Jonas Valančiūnas(7.1),1.88,1.56,-0.1916000000000001,-0.1107999999999999,觀望,,,,,,
2026-01-13,MIA,PHO,0.58,Toss-up,-0.86,-0.02,-6,Norman Powell(16.8),Jamaree Bouyea(7.2); Jalen Green(11.2),1.7,1.73,-0.0140000000000001,-0.2734,觀望,,,,,,
2026-01-13,GSW,POR,0.67,🟢 High (Home),4.57,-0.68,0,Seth Curry(7.3),Deni Avdija(20.2); Jerami Grant(13.7); Scoot Henderson(5.0); Damian Lillard(5.0); Kris Murray(5.8); Matisse Thybulle(6.2); Blake Wesley(5.4),1.13,3.4,-0.2429,0.1219999999999998,客EV=0.12★,,,,,,
2026-01-13,LAL,ATL,0.6,Toss-up,-0.18,-0.03,-6,Rui Hachimura(9.1); Austin Reaves(21.3); Adou Thiero(1.1),N'Faly Dante(1.1); Luke Kennard(7.1); Asa Newell(4.0); Kristaps Porziņģis(13.6); Zaccharie Risacher(8.0),1.96,1.5,0.1759999999999999,-0.3999999999999999,主EV=0.18★,,,,,,
2026-01-13,HOU,CHI,0.5,Toss-up,11.81,-0.31,-4,Tari Eason(9.7); Dorian Finney-Smith(1.5); Fred VanVleet(5.0),Zach Collins(8.6); Josh Giddey(17.7); Julian Phillips(2.5); Coby White(12.2),,,,,無賠率,,,,,,
2026-01-12,TOR,PHI,0.66,🟢 High (Home),-0.05,0.19,2,RJ Barrett(14.5); Brandon Ingram(15.1); Jakob Poeltl(10.0); Ja'Kobe Walter(4.7),Joel Embiid(17.2); Paul George(12.2),1.93,1.53,0.2738,-0.4798,主EV=0.27★🔥,,,,,,
2026-01-12,LAC,CHO,0.53,Toss-up,-0.05,0.14,1,Bradley Beal(3.2); Bogdan Bogdanović(5.1); Derrick Jones Jr.(8.7),Pat Connaughton(3.0); Mason Plumlee(2.8),1.4,2.2,-0.258,0.034,客EV=0.03,,,,,,
2026-01-12,CLE,UTA,0.89,🟢 High (Home),8.68,-0.34,2,Max Strus(5.0); Dean Wade(5.7),Ace Bailey(6.5); Walker Kessler(15.7); Georges Niang(5.0); Jusuf Nurkić(10.7),,,,,無賠率,,,,,,
2026-01-12,IND,BOS,0.16,🔴 High (Away),-15.51,0.11,3,Tyrese Haliburton(5.0); Isaiah Jackson(7.1); Bennedict Mathurin(11.3); Andrew Nembhard(13.7); Obi Toppin(9.2),Jaylen Brown(20.1); Sam Hauser(5.9); Josh Minott(6.3); Jayson Tatum(5.0),2.4,1.32,-0.616,0.1088,客EV=0.11★🔥,,,,,,
2026-01-12,DAL,BRK,0.58,Toss-up,1.49,0.21,1,Moussa Cisse(3.4); Anthony Davis(17.5); Dante Exum(5.0); Kyrie Irving(5.0); Dereck Lively II(5.7); P.J. Washington(11.1); Brandon Williams(8.7),Haywood Highsmith(5.0); E.J. Liddell(1.2); Michael Porter Jr.(19.2); Drake Powell(4.3); Ben Saraf(3.5); Ziaire Williams(6.3),1.45,2.07,-0.159,-0.1305999999999999,觀望,,,,,,
2026-01-12,SAC,LAL,0.41,Toss-up,-11.66,-0.07,3,Keegan Murray(11.1); Domantas Sabonis(14.9),Rui Hachimura(9.1); Austin Reaves(21.3); Adou Thiero(1.1),3.2,1.16,0.312,-0.3156,主EV=0.31★,,,,,,
2026-01-11,SAC,HOU,0.54,Toss-up,-19.54,-0.1,-5,Keegan Murray(11.1); Domantas Sabonis(14.9),Tari Eason(9.7); Alperen Şengün(19.0); Fred VanVleet(5.0),,,,,無賠率,,,,,,
2026-01-11,ORL,NOP,0.8,🟢 High (Home),9.29,0.08,-2,Tristan Da Silva(7.0); Jalen Suggs(12.2); Franz Wagner(17.9),Jose Alvarado(6.5); Saddiq Bey(12.4); Herbert Jones(7.0); Dejounte Murray(5.0),1.3,2.5,0.04,-0.5000000000000001,主EV=0.04🔥,,,,,,
2026-01-11,MEM,BRK,0.72,🟢 High (Home),3.46,0.05,0,Brandon Clarke(3.1); Zach Edey(13.3); Ty Jerome(5.0); John Konchar(4.1); Ja Morant(13.2); Scotty Pippen Jr.(5.0),Haywood Highsmith(5.0); E.J. Liddell(1.2); Michael Porter Jr.(19.2); Drake Powell(4.3); Ben Saraf(3.5); Ziaire Williams(6.3),1.26,2.6,-0.0928,-0.2719999999999999,觀望,,,,,,
2026-01-11,MIN,SAS,0.66,🟢 High (Home),0.08,-0.1,-3,Terrence Shannon Jr.(2.5),Devin Vassell(10.7),1.55,1.9,0.0230000000000001,-0.3540000000000001,主EV=0.02🔥,,,,,,
2026-01-11,TOR,PHI,0.42,Toss-up,0.5,0.49,-3,Scottie Barnes(17.2); RJ Barrett(14.5); Brandon Ingram(15.1); Jakob Poeltl(10.0),Joel Embiid(17.2),2.1,1.43,-0.118,-0.1705999999999999,觀望,,,,,,
2026-01-11,GSW,ATL,0.73,🟢 High (Home),2.34,-0.19,0,Seth Curry(7.3),N'Faly Dante(1.1); Kristaps Porziņģis(13.6); Zaccharie Risacher(8.0),1.32,2.4,-0.0363999999999999,-0.352,觀望,,,,,,
2026-01-11,POR,NYK,0.35,🔴 High (Away),-7.25,0.53,6,Jerami Grant(13.7); Scoot Henderson(5.0); Jrue Holiday(15.2); Damian Lillard(5.0); Kris Murray(5.8); Matisse Thybulle(6.2); Blake Wesley(5.4); Robert Williams(7.6),Josh Hart(12.6); Landry Shamet(7.1); Guerschon Yabusele(2.2),2.15,1.42,-0.2475,-0.077,觀望,,,,,,
2026-01-11,DEN,MIL,0.51,Toss-up,8.38,0.99,-2,Tamar Bates(5.0); Christian Braun(7.7); Aaron Gordon(14.2); Cameron Johnson(9.0); Nikola Jokić(31.0); Spencer Jones(5.5); Jamal Murray(20.7); Jonas Valančiūnas(7.1),Kevin Porter Jr.(16.9); Taurean Prince(4.1),1.86,1.58,-0.0513999999999998,-0.2258,觀望,,,,,,
2026-01-11,OKC,MIA,0.84,🟢 High (Home),10.55,0.28,4,Isaiah Hartenstein(12.5); Thomas Sorber(5.0); Nikola Topić(5.0),,,,,,無賠率,,,,,,
2026-01-11,PHO,WAS,0.85,🟢 High (Home),12.84,-0.05,4,Jamaree Bouyea(7.2); Jalen Green(11.2),Cam Whitmore(6.2); Trae Young(16.0),,,,,無賠率,,,,,,
2026-01-10,UTA,CHO,0.13,🔴 High (Away),-5.31,0.44,3,Ace Bailey(6.5); Walker Kessler(15.7); Lauri Markkanen(21.0); Georges Niang(5.0); Jusuf Nurkić(10.7),Ryan Kalkbrenner(10.1); Mason Plumlee(2.8); Tidjane Salaün(5.4); Grant Williams(5.0),2.15,1.42,-0.7205,0.2353999999999998,客EV=0.24★🔥,,,,,,
2026-01-10,CHI,DAL,0.65,🟢 High (Home),-0.0,-0.12,-2,Zach Collins(8.6); Josh Giddey(17.7); Kevin Huerter(8.7); Jalen Smith(8.2),Anthony Davis(17.5); Dante Exum(5.0); Kyrie Irving(5.0); Dereck Lively II(5.7); P.J. Washington(11.1); Brandon Williams(8.7),1.52,1.94,-0.0119999999999999,-0.321,觀望,,,,,,
2026-01-10,BOS,SAS,0.58,Toss-up,2.28,-0.11,0,Josh Minott(6.3); Jayson Tatum(5.0),Julian Champagnie(9.0); Devin Vassell(10.7),1.7,1.73,-0.0140000000000001,-0.2734,觀望,,,,,,
2026-01-10,CLE,MIN,0.64,Toss-up,-2.98,-0.46,-5,Max Strus(5.0); Dean Wade(5.7),Mike Conley(4.9); Anthony Edwards(21.6); Julius Randle(18.3); Terrence Shannon Jr.(2.5),1.46,2.05,-0.0655999999999999,-0.2620000000000001,觀望,,,,,,
2026-01-10,DET,LAC,0.52,Toss-up,8.84,0.39,2,Cade Cunningham(21.9); Jalen Duren(16.5); Tobias Harris(10.3),Bradley Beal(3.2); Bogdan Bogdanović(5.1); Derrick Jones Jr.(8.7),1.28,2.55,-0.3343999999999999,0.2239999999999999,客EV=0.22★,,,,,,
2026-01-10,IND,MIA,0.15,🔴 High (Away),-11.66,0.57,2,Tyrese Haliburton(5.0); Isaiah Jackson(7.1); Bennedict Mathurin(11.3); Andrew Nembhard(13.1); Obi Toppin(9.2),,2.7,1.25,-0.595,0.0625,客EV=0.06🔥,,,,,,
2026-01-09,BRK,LAC,0.41,Toss-up,-2.9,-0.15,0,Haywood Highsmith(5.0); Michael Porter Jr.(19.3); Ben Saraf(3.5),Bradley Beal(3.2); Bogdan Bogdanović(5.1); Derrick Jones Jr.(8.7); Kawhi Leonard(22.4),1.9,1.55,-0.221,-0.0854999999999998,觀望,,,,,,
2026-01-09,WAS,NOP,0.55,Toss-up,-2.18,-0.32,8,Cam Whitmore(6.2); Trae Young(16.0),Jose Alvarado(6.5); Saddiq Bey(12.4); Herbert Jones(7.0); Trey Murphy III(17.3); Dejounte Murray(5.0),1.86,1.58,0.0230000000000001,-0.289,主EV=0.02,,,,,,
2026-01-09,DEN,ATL,0.61,Toss-up,7.3,1.08,1,Tamar Bates(5.0); Christian Braun(8.6); Bruce Brown(6.3); Aaron Gordon(14.3); Cameron Johnson(9.0); Nikola Jokić(31.0); Spencer Jones(5.5); Jamal Murray(20.7); Jonas Valančiūnas(7.1),N'Faly Dante(1.1); Corey Kispert(7.2); CJ McCollum(13.0),1.63,1.8,-0.0057,-0.2979999999999999,觀望,,,,,,
2026-01-09,BOS,TOR,0.7,🟢 High (Home),5.5,-0.39,-4,Josh Minott(6.3); Jayson Tatum(5.0),Scottie Barnes(17.2); Brandon Ingram(15.1); Jakob Poeltl(10.0),1.2,2.95,-0.16,-0.1149999999999997,觀望,,,,,,
2026-01-09,PHO,NYK,0.58,Toss-up,-2.62,-0.02,0,Jamaree Bouyea(7.2); Jalen Green(11.2),Josh Hart(12.6); Landry Shamet(7.1),1.82,1.62,0.0555999999999998,-0.3195999999999999,主EV=0.06,,,,,,
2026-01-09,POR,HOU,0.43,Toss-up,-11.0,0.4,5,Jerami Grant(13.7); Scoot Henderson(5.0); Jrue Holiday(15.2); Damian Lillard(5.0); Kris Murray(5.8); Matisse Thybulle(6.2); Blake Wesley(5.4),Alperen Şengün(19.0); Fred VanVleet(5.0),2.5,1.3,0.0749999999999999,-0.2589999999999999,主EV=0.07,,,,,,
2026-01-09,GSW,SAC,0.87,🟢 High (Home),12.94,-0.18,7,Seth Curry(7.3); Gary Payton II(4.6),Keegan Murray(11.1); Domantas Sabonis(14.9),,,,,無賠率,,,,,,
2026-01-09,ORL,PHI,0.57,Toss-up,0.31,0.28,0,Jase Richardson(4.5); Jalen Suggs(12.2); Franz Wagner(17.9); Moritz Wagner(5.0),Joel Embiid(17.3),1.88,1.56,0.0715999999999998,-0.3291999999999999,主EV=0.07,,,,,,
2026-01-09,LAL,MIL,0.51,Toss-up,2.41,0.57,0,Rui Hachimura(9.1); LeBron James(18.2); Austin Reaves(21.3); Adou Thiero(1.1),Taurean Prince(4.1),1.5,1.96,-0.235,-0.0396,觀望,,,,,,
2026-01-09,MEM,OKC,0.32,🔴 High (Away),-13.93,-0.27,-2,Brandon Clarke(3.1); Cedric Coward(11.3); Zach Edey(13.3); Ty Jerome(5.0); John Konchar(4.1); Ja Morant(13.2); Scotty Pippen Jr.(5.0); Vince Williams Jr.(6.7),Alex Caruso(6.1); Shai Gilgeous-Alexander(27.1); Isaiah Hartenstein(12.5); Chet Holmgren(15.4); Thomas Sorber(5.0); Nikola Topić(5.0); Cason Wallace(7.1); Jaylin Williams(5.2),2.1,1.43,-0.3279999999999999,-0.0276000000000001,觀望,,,,,,
2026-01-08,UTA,DAL,0.52,Toss-up,-3.31,-0.19,-7,Walker Kessler(15.7); Georges Niang(5.0),Dante Exum(5.0); Kyrie Irving(5.0); Dereck Lively II(5.7); P.J. Washington(11.1); Brandon Williams(9.0),2.6,1.26,0.3520000000000001,-0.3952,主EV=0.35★,,,,,,
2026-01-08,MIN,CLE,0.74,🟢 High (Home),2.47,-0.27,2,Terrence Shannon Jr.(2.5),Larry Nance Jr.(2.5); Max Strus(5.0); Jaylon Tyson(10.6); Dean Wade(5.7),1.56,1.88,0.1544000000000001,-0.5112,主EV=0.15★🔥,,,,,,
2026-01-08,CHO,IND,0.86,🟢 High (Home),6.99,-0.02,12,Ryan Kalkbrenner(10.1); Brandon Miller(12.8); Mason Plumlee(2.8); Grant Williams(5.0),Tyrese Haliburton(5.0); Isaiah Jackson(7.1); Bennedict Mathurin(11.3); Obi Toppin(9.2),1.46,2.05,0.2556,-0.7130000000000001,主EV=0.26★🔥,,,,,,
2026-01-08,CHI,MIA,0.24,🔴 High (Away),-6.74,0.42,-2,Zach Collins(8.6); Josh Giddey(17.7); Jalen Smith(8.2); Coby White(12.0),Jaime Jaquez Jr.(13.2),2.55,1.28,-0.388,-0.0272,觀望,,,,,,
2026-01-07,CHO,TOR,0.32,🔴 High (Away),-4.14,0.46,0,Moussa Diabaté(10.0); Ryan Kalkbrenner(10.1); Brandon Miller(12.8); Mason Plumlee(2.8); Tidjane Salaün(5.8); Grant Williams(5.0),Jakob Poeltl(10.0),1.88,1.56,-0.3984,0.0607999999999999,客EV=0.06🔥,,,,,,
2026-01-07,BOS,DEN,0.73,🟢 High (Home),1.09,-1.18,3,Josh Minott(6.3); Jayson Tatum(5.0),Tamar Bates(5.0); Christian Braun(8.9); Aaron Gordon(14.7); Tim Hardaway Jr.(9.7); Cameron Johnson(9.0); Nikola Jokić(31.0); Jamal Murray(20.5); Jonas Valančiūnas(7.1),1.18,3.1,-0.1386,-0.1629999999999999,觀望,,,,,,
2026-01-07,SAS,LAL,0.59,Toss-up,5.12,-0.3,-5,Devin Vassell(10.7),Rui Hachimura(9.1); Austin Reaves(21.3); Adou Thiero(1.1); Gabe Vincent(2.8),1.25,2.7,-0.2625,0.1070000000000002,客EV=0.11★,,,,,,
2026-01-07,GSW,MIL,0.47,Toss-up,4.22,0.19,-3,Seth Curry(7.3); Draymond Green(7.5); Gary Payton II(4.6),Taurean Prince(4.1),1.3,2.5,-0.389,0.3250000000000002,客EV=0.33★,,,,,,
2026-01-07,POR,HOU,0.22,🔴 High (Away),-11.79,0.4,2,Jerami Grant(13.7); Scoot Henderson(5.0); Jrue Holiday(15.2); Damian Lillard(5.0); Kris Murray(5.8); Matisse Thybulle(6.2); Blake Wesley(5.4),Alperen Şengün(19.0); Fred VanVleet(5.0),2.55,1.28,-0.439,-0.0015999999999999,觀望,,,,,,
2026-01-07,PHI,WAS,0.72,🟢 High (Home),11.55,0.16,-2,Joel Embiid(16.9); Kelly Oubre Jr.(12.3); Trendon Watford(8.0),Kyshawn George(11.2); Corey Kispert(7.2); Cam Whitmore(6.2),1.12,3.5,-0.1936,-0.0199999999999999,觀望,,,,,,
2026-01-07,MEM,PHO,0.45,Toss-up,-3.04,0.46,2,Brandon Clarke(3.1); Cedric Coward(11.3); Zach Edey(13.3); Ty Jerome(5.0); John Konchar(4.1); Ja Morant(13.2); Scotty Pippen Jr.(5.0),Jamaree Bouyea(7.2); Jalen Green(11.2),2.15,1.42,-0.0324999999999999,-0.2189999999999999,觀望,,,,,,
2026-01-07,BRK,ORL,0.35,🔴 High (Away),-6.87,-0.33,2,Haywood Highsmith(5.0); Ben Saraf(3.5),Jalen Suggs(12.2); Franz Wagner(17.9); Moritz Wagner(5.0),1.85,1.6,-0.3525,0.04,客EV=0.04🔥,,,,,,
2026-01-07,OKC,UTA,0.75,🟢 High (Home),20.99,0.04,2,Alex Caruso(6.1); Ousmane Dieng(3.3); Isaiah Hartenstein(12.5); Thomas Sorber(5.0); Nikola Topić(5.0); Jaylin Williams(5.2),Ace Bailey(6.7); Walker Kessler(15.7); Kevin Love(6.7); Georges Niang(5.0),,,,,無賠率,,,,,,
2026-01-07,ATL,NOP,0.73,🟢 High (Home),7.07,-0.0,6,N'Faly Dante(1.1); Trae Young(16.0),Saddiq Bey(12.4); Dejounte Murray(5.0),1.15,3.3,-0.1605000000000001,-0.1089999999999999,觀望,,,,,,
2026-01-07,DET,CHI,0.61,Toss-up,9.19,0.08,4,Cade Cunningham(21.9); Jalen Duren(16.5); Tobias Harris(10.3); Caris LeVert(6.6); Duncan Robinson(8.5),Matas Buzelis(11.0); Zach Collins(8.6); Josh Giddey(17.7); Jalen Smith(8.2); Coby White(12.0),1.15,3.3,-0.2985000000000001,0.2869999999999999,客EV=0.29★,,,,,,
2026-01-07,NYK,LAC,0.73,🟢 High (Home),7.74,-0.23,-5,Josh Hart(12.6); Landry Shamet(7.1),Bradley Beal(3.2); Bogdan Bogdanović(5.1); James Harden(20.6); Derrick Jones Jr.(8.7),1.35,2.3,-0.0144999999999999,-0.379,觀望,,,,,,
2026-01-06,WAS,ORL,0.44,Toss-up,-11.44,-0.13,-2,Kyshawn George(11.2); Corey Kispert(7.2); Cam Whitmore(6.2),Jalen Suggs(12.2); Franz Wagner(17.9); Moritz Wagner(5.0),2.6,1.26,0.1440000000000001,-0.2943999999999999,主EV=0.14★,,,,,,
2026-01-06,NOP,LAL,0.58,Toss-up,-7.39,-0.12,-9,Saddiq Bey(12.4); Herbert Jones(7.4); Dejounte Murray(5.0),Rui Hachimura(9.1); Austin Reaves(21.3); Adou Thiero(1.1); Gabe Vincent(2.8),2.25,1.38,0.3049999999999999,-0.4204,主EV=0.30★,,,,,,
2026-01-06,IND,CLE,0.31,🔴 High (Away),-11.05,-0.19,-11,Tyrese Haliburton(5.0); Isaiah Jackson(7.1); Bennedict Mathurin(11.3); Obi Toppin(9.2),Jarrett Allen(12.9); Donovan Mitchell(22.0); Larry Nance Jr.(2.5); Max Strus(5.0); Dean Wade(5.8),2.3,1.35,-0.287,-0.0685,觀望,,,,,,
2026-01-06,MEM,SAS,0.38,Toss-up,-6.07,0.37,-3,Brandon Clarke(3.1); Cedric Coward(11.3); Zach Edey(13.3); Ty Jerome(5.0); John Konchar(4.1); Ja Morant(13.2); Scotty Pippen Jr.(5.0); Vince Williams Jr.(6.2),Devin Vassell(10.7); Victor Wembanyama(20.7),2.4,1.32,-0.088,-0.1815999999999999,觀望,,,,,,
2026-01-06,SAC,DAL,0.33,🔴 High (Away),-7.33,-0.01,-6,Keegan Murray(11.1); Domantas Sabonis(14.9),Dante Exum(5.0); Kyrie Irving(5.0); Dereck Lively II(5.7); P.J. Washington(11.1),2.35,1.33,-0.2244999999999999,-0.1089,觀望,,,,,,
2026-01-06,MIN,MIA,0.66,🟢 High (Home),1.35,-0.47,1,Terrence Shannon Jr.(2.5),Tyler Herro(17.7); Jaime Jaquez Jr.(13.2); Keshad Johnson(2.5); Nikola Jović(6.7),1.32,2.4,-0.1287999999999999,-0.184,觀望,,,,,,
2026-01-05,OKC,CHO,0.83,🟢 High (Home),17.75,-0.04,-2,Ousmane Dieng(3.3); Isaiah Hartenstein(12.5); Thomas Sorber(5.0); Nikola Topić(5.0); Jaylin Williams(5.2),Moussa Diabaté(9.8); Ryan Kalkbrenner(10.1); Mason Plumlee(2.8); Tidjane Salaün(6.2); Grant Williams(5.0),,,,,無賠率,,,,,,
2026-01-05,DET,NYK,0.56,Toss-up,-0.24,0.17,4,Jalen Duren(16.5); Tobias Harris(10.3); Caris LeVert(6.6),Josh Hart(12.6); Landry Shamet(7.1),1.94,1.52,0.0864,-0.3312,主EV=0.09,,,,,,
2026-01-05,TOR,ATL,0.74,🟢 High (Home),1.58,-0.17,2,Jakob Poeltl(10.0),N'Faly Dante(1.1); Luke Kennard(6.4); Trae Young(16.0),1.48,2.0,0.0951999999999999,-0.48,主EV=0.10🔥,,,,,,
2026-01-05,POR,UTA,0.41,Toss-up,3.34,0.27,5,Jerami Grant(13.7); Scoot Henderson(5.0); Jrue Holiday(15.2); Damian Lillard(5.0); Matisse Thybulle(6.2); Blake Wesley(5.4); Robert Williams(8.2),Ace Bailey(6.7); Walker Kessler(15.7); Georges Niang(5.0); Jusuf Nurkić(10.1),1.32,2.4,-0.4588,0.4160000000000001,客EV=0.42★,,,,,,
2026-01-05,PHI,DEN,0.45,Toss-up,-6.09,-0.19,5,Joel Embiid(16.6); Kelly Oubre Jr.(12.3); Trendon Watford(8.0),Tamar Bates(5.0); Cameron Johnson(9.0); Nikola Jokić(31.0); Jonas Valančiūnas(7.1),1.15,3.3,-0.4825,0.815,客EV=0.81★,,,,,,
2026-01-05,BOS,CHI,0.67,🟢 High (Home),9.59,-0.55,4,Jayson Tatum(5.0),Zach Collins(8.6); Trentyn Flowers(1.4); Josh Giddey(17.7); Jalen Smith(8.2); Coby White(12.8),1.12,3.5,-0.2495999999999999,0.1549999999999998,客EV=0.15★,,,,,,
2026-01-05,HOU,PHO,0.75,🟢 High (Home),7.0,0.1,-3,Steven Adams(7.9); Alperen Şengün(19.0); Fred VanVleet(5.0),Grayson Allen(12.3); Jalen Green(11.2),1.22,2.85,-0.0849999999999999,-0.2875,觀望,,,,,,
2026-01-05,LAC,GSW,0.38,Toss-up,-2.35,0.04,-2,Bradley Beal(3.2); Bogdan Bogdanović(5.1); Derrick Jones Jr.(8.7),Seth Curry(7.3); Al Horford(6.4),1.68,1.75,-0.3616,0.0849999999999999,客EV=0.08,,,,,,
2026-01-04,MIA,NOP,0.74,🟢 High (Home),10.54,-0.18,5,Tyler Herro(17.7); Jaime Jaquez Jr.(13.2); Pelle Larsson(7.8),Saddiq Bey(12.4); Herbert Jones(7.4); Trey Murphy III(16.7); Dejounte Murray(5.0); Derik Queen(11.5),1.23,2.8,-0.0897999999999999,-0.272,觀望,,,,,,
2026-01-04,ORL,IND,0.78,🟢 High (Home),10.24,0.03,10,Jalen Suggs(12.2); Franz Wagner(17.9); Moritz Wagner(5.0),Tyrese Haliburton(5.0); Isaiah Jackson(7.1); Bennedict Mathurin(11.3); Obi Toppin(9.2),1.3,2.5,0.014,-0.45,主EV=0.01🔥,,,,,,
2026-01-04,SAC,MIL,0.26,🔴 High (Away),-8.1,-0.05,-5,Zach LaVine(12.9); Domantas Sabonis(14.9),Giannis Antetokounmpo(25.3); Gary Harris(2.7); Taurean Prince(4.1),2.5,1.3,-0.35,-0.038,觀望,,,,,,
2026-01-04,WAS,MIN,0.31,🔴 High (Away),-14.95,0.24,1,Kyshawn George(11.2); Tristan Vukcevic(4.6); Cam Whitmore(6.2),Terrence Shannon Jr.(2.5),3.3,1.15,0.0229999999999999,-0.2065000000000001,主EV=0.02,,,,,,
2026-01-04,LAL,MEM,0.6,Toss-up,0.08,-0.35,4,Rui Hachimura(9.1); Austin Reaves(21.3); Adou Thiero(1.1); Gabe Vincent(2.8),Santi Aldama(12.4); Brandon Clarke(3.1); Zach Edey(13.3); Ty Jerome(5.0); John Konchar(4.1); Ja Morant(13.2); Scotty Pippen Jr.(5.0); Vince Williams Jr.(6.2),1.32,2.4,-0.2079999999999999,-0.04,觀望,,,,,,
2026-01-04,BRK,DEN,0.47,Toss-up,-12.08,-0.73,-2,Nic Claxton(14.4); Haywood Highsmith(5.0); Michael Porter Jr.(19.1),Tamar Bates(5.0); Christian Braun(9.6); Aaron Gordon(14.8); Cameron Johnson(9.0); Nikola Jokić(31.0); Jamal Murray(20.4); Jonas Valančiūnas(7.1),1.93,1.53,-0.0929000000000001,-0.1890999999999999,觀望,,,,,,
2026-01-04,CLE,DET,0.46,Toss-up,-4.0,0.03,4,Jarrett Allen(12.9); Sam Merrill(9.6); Larry Nance Jr.(2.5); Max Strus(5.0); Dean Wade(5.8),Jalen Duren(16.5); Tobias Harris(10.3); Caris LeVert(6.6),1.38,2.25,-0.3651999999999999,0.215,客EV=0.22★,,,,,,
2026-01-04,PHO,OKC,0.44,Toss-up,-12.69,-0.29,-3,Grayson Allen(12.3); Jalen Green(11.2),Ousmane Dieng(3.3); Isaiah Hartenstein(12.5); Isaiah Joe(8.1); Thomas Sorber(5.0); Nikola Topić(5.0); Cason Wallace(7.6); Jaylin Williams(5.2),3.1,1.18,0.3640000000000001,-0.3391999999999999,主EV=0.36★,,,,,,
2026-01-03,GSW,UTA,0.72,🟢 High (Home),8.65,-0.13,1,Jimmy Butler(18.8); Seth Curry(7.3); Stephen Curry(20.3); Draymond Green(7.3); Jonathan Kuminga(7.8); De'Anthony Melton(5.3),Ace Bailey(6.7); Keyonte George(18.6); Walker Kessler(15.7); Lauri Markkanen(21.0); Georges Niang(5.0); Jusuf Nurkić(10.1),1.12,3.5,-0.1936,-0.0199999999999999,觀望,,,,,,
2026-01-03,SAS,POR,0.71,🟢 High (Home),9.06,-0.24,1,Devin Vassell(10.7); Victor Wembanyama(20.7),Jerami Grant(13.7); Scoot Henderson(5.0); Jrue Holiday(15.2); Damian Lillard(5.0); Matisse Thybulle(6.2); Blake Wesley(5.4),1.18,3.1,-0.1622000000000001,-0.1009999999999998,觀望,,,,,,
2026-01-03,CHI,CHO,0.66,🟢 High (Home),-0.29,0.19,5,Zach Collins(8.6); Trentyn Flowers(1.4); Josh Giddey(17.7); Emanuel Miller(2.6); Coby White(12.8),Moussa Diabaté(9.8); Ryan Kalkbrenner(10.1); Mason Plumlee(2.8); Grant Williams(5.0),1.62,1.82,0.0692000000000001,-0.3812,主EV=0.07🔥,,,,,,
2026-01-03,MIA,MIN,0.32,🔴 High (Away),-1.72,0.71,5,Bam Adebayo(14.4); Tyler Herro(17.7); Jaime Jaquez Jr.(13.4); Nikola Jović(6.0); Pelle Larsson(7.8),Terrence Shannon Jr.(2.5),1.86,1.58,-0.4047999999999999,0.0744,客EV=0.07🔥,,,,,,
2026-01-03,LAC,BOS,0.56,Toss-up,-7.97,0.04,4,Bradley Beal(3.2); Bogdan Bogdanović(5.1),Jayson Tatum(5.0),1.63,1.8,-0.0871999999999999,-0.208,觀望,,,,,,
2026-01-03,DAL,HOU,0.59,Toss-up,-12.37,0.03,-8,Dante Exum(5.0); Kyrie Irving(5.0); Dereck Lively II(5.7),Steven Adams(7.9); Fred VanVleet(5.0),2.85,1.22,0.6815,-0.4998,主EV=0.68★,,,,,,
2026-01-03,TOR,ATL,0.68,🟢 High (Home),2.04,-0.09,-3,Jakob Poeltl(10.0),N'Faly Dante(1.1); Trae Young(16.0),1.5,1.96,0.02,-0.3728000000000001,主EV=0.02🔥,,,,,,
2026-01-03,NYK,PHI,0.55,Toss-up,6.42,0.12,-4,Josh Hart(12.6); Mitchell Robinson(8.3); Landry Shamet(7.1); Karl-Anthony Towns(18.1),Joel Embiid(16.3); Kelly Oubre Jr.(12.3); Trendon Watford(8.0),1.46,2.05,-0.1969999999999999,-0.0775000000000001,觀望,,,,,,
2026-01-02,CLE,DEN,0.56,Toss-up,-5.37,-0.9,1,De'Andre Hunter(9.6); Sam Merrill(9.6); Larry Nance Jr.(2.5); Max Strus(5.0),Tamar Bates(5.0); Christian Braun(9.6); Aaron Gordon(14.8); Cameron Johnson(9.0); Nikola Jokić(31.0); Jamal Murray(20.3); Julian Strawther(2.0); Jonas Valančiūnas(7.1),1.08,4.0,-0.3951999999999999,0.7599999999999998,客EV=0.76★,,,,,,
2026-01-02,WAS,BRK,0.32,🔴 High (Away),-7.2,-0.17,3,Kyshawn George(11.2); Corey Kispert(7.3); Cam Whitmore(6.2),Egor Dёmin(7.0); Haywood Highsmith(5.0); Terance Mann(7.5); Michael Porter Jr.(19.1),1.78,1.65,-0.4304,0.1219999999999998,客EV=0.12★🔥,,,,,,
2026-01-02,GSW,OKC,0.36,Toss-up,-11.59,0.26,-1,Seth Curry(7.3); Stephen Curry(20.3); Draymond Green(7.3); Al Horford(6.0); Trayce Jackson-Davis(5.3); De'Anthony Melton(5.3),Ousmane Dieng(3.3); Isaiah Hartenstein(12.5); Thomas Sorber(5.0); Nikola Topić(5.0); Jaylin Williams(5.2),3.1,1.18,0.1159999999999998,-0.2448,主EV=0.12★,,,,,,
2026-01-02,CHI,ORL,0.56,Toss-up,-5.44,0.17,0,Zach Collins(8.6); Trentyn Flowers(1.4); Josh Giddey(17.7); Emanuel Miller(2.6); Coby White(12.8),Jett Howard(3.4); Jonathan Isaac(2.9); Franz Wagner(17.9); Moritz Wagner(5.0),2.2,1.4,0.2320000000000002,-0.3840000000000001,主EV=0.23★,,,,,,
2026-01-02,NYK,ATL,0.47,Toss-up,8.35,0.13,-2,Josh Hart(12.6); Mitchell Robinson(8.3); Landry Shamet(7.1),N'Faly Dante(1.1); Trae Young(16.0),1.23,2.8,-0.4219,0.484,客EV=0.48★,,,,,,
2026-01-02,IND,SAS,0.13,🔴 High (Away),-14.27,-0.01,-11,Tyrese Haliburton(5.0); Isaiah Jackson(7.1); T.J. McConnell(9.5); Obi Toppin(9.2),Devin Vassell(10.7); Victor Wembanyama(20.7),2.5,1.3,-0.675,0.131,客EV=0.13★🔥,,,,,,
2026-01-02,PHO,SAC,0.9,🟢 High (Home),12.84,-0.05,2,Grayson Allen(12.3); Jalen Green(11.2),Zach LaVine(12.9); Domantas Sabonis(14.9),,,,,無賠率,,,,,,
2026-01-02,NOP,POR,0.72,🟢 High (Home),-4.13,-0.18,-4,Saddiq Bey(12.4); Herbert Jones(7.4); Dejounte Murray(5.0); Derik Queen(11.5),Jerami Grant(13.7); Scoot Henderson(5.0); Jrue Holiday(15.2); Damian Lillard(5.0); Matisse Thybulle(6.2); Blake Wesley(5.4),1.72,1.72,0.2383999999999999,-0.5184,主EV=0.24★🔥,,,,,,
2026-01-02,MIL,CHO,0.66,🟢 High (Home),0.0,-0.48,1,Taurean Prince(4.1),Miles Bridges(14.8); Moussa Diabaté(9.8); Ryan Kalkbrenner(10.1); Mason Plumlee(2.8); Grant Williams(5.0),1.32,2.4,-0.1287999999999999,-0.184,觀望,,,,,,
2026-01-02,LAL,MEM,0.56,Toss-up,0.71,-0.16,1,Rui Hachimura(9.1); Austin Reaves(21.3); Adou Thiero(1.1); Jarred Vanderbilt(5.2); Gabe Vincent(2.8),Kentavious Caldwell-Pope(6.8); Brandon Clarke(3.1); Zach Edey(13.3); Ty Jerome(5.0); John Konchar(4.1); Scotty Pippen Jr.(5.0); Jaylen Wells(8.8); Vince Williams Jr.(6.2),1.45,2.07,-0.1879999999999999,-0.0892000000000001,觀望,,,,,,
2026-01-01,SAC,BOS,0.26,🔴 High (Away),-16.08,0.26,-3,Zach LaVine(12.9); Domantas Sabonis(14.9),Chris Boucher(2.0); Jayson Tatum(5.0),3.2,1.16,-0.1679999999999999,-0.1416,觀望,,,,,,
2026-01-01,BRK,HOU,0.48,Toss-up,-12.59,-0.1,-4,Egor Dёmin(7.0); Haywood Highsmith(5.0); Terance Mann(7.5); Michael Porter Jr.(19.1),Steven Adams(7.9); Clint Capela(4.8); Tari Eason(9.5); Alperen Şengün(19.7); Fred VanVleet(5.0),3.4,1.13,0.6319999999999999,-0.4124,主EV=0.63★,,,,,,
2026-01-01,DAL,PHI,0.6,Toss-up,-3.97,-0.26,-4,Dante Exum(5.0); Kyrie Irving(5.0); Dereck Lively II(5.7),Joel Embiid(16.3); Kelly Oubre Jr.(12.3); Trendon Watford(8.0),1.75,1.68,0.05,-0.3279999999999999,主EV=0.05,,,,,,
2026-01-01,DET,MIA,0.62,Toss-up,3.42,-0.18,-2,Tobias Harris(10.3); Caris LeVert(6.6),Simone Fontecchio(5.9); Tyler Herro(17.7); Pelle Larsson(7.8),1.36,2.28,-0.1567999999999999,-0.1336,觀望,,,,,,
2026-01-01,LAC,UTA,0.68,🟢 High (Home),3.13,-0.76,6,Bradley Beal(3.2); Bogdan Bogdanović(5.1); Ivica Zubac(14.8),Ace Bailey(6.7); Keyonte George(18.6); Walker Kessler(15.7); Kevin Love(6.7); Lauri Markkanen(21.0); Georges Niang(5.0); Jusuf Nurkić(10.1),,,,,無賠率,,,,,,
2025-12-31,CHO,GSW,0.2,🔴 High (Away),-4.54,0.53,-2,Miles Bridges(14.8); Pat Connaughton(3.1); Ryan Kalkbrenner(10.1); Kon Knueppel(13.9); Mason Plumlee(2.8); Grant Williams(5.0),Seth Curry(7.3),2.5,1.3,-0.5,0.04,客EV=0.04🔥,,,,,,
2025-12-31,CLE,PHO,0.56,Toss-up,0.03,-0.16,-3,Sam Merrill(9.9); Larry Nance Jr.(2.5); Max Strus(5.0),Grayson Allen(12.3); Ryan Dunn(6.7); Jalen Green(11.2),1.32,2.4,-0.2607999999999999,0.0559999999999998,客EV=0.06,,,,,,
2025-12-31,SAS,NYK,0.55,Toss-up,-1.12,-0.24,-5,Stephon Castle(14.7),Josh Hart(12.6); Ariel Hukporti(1.5); Tyler Kolek(4.9); Mitchell Robinson(8.3); Landry Shamet(7.1),1.65,1.78,-0.0925,-0.199,觀望,,,,,,
2025-12-31,OKC,POR,0.79,🟢 High (Home),17.2,-0.31,0,Ousmane Dieng(3.3); Isaiah Hartenstein(12.5); Thomas Sorber(5.0); Nikola Topić(5.0); Jaylin Williams(5.2),Jerami Grant(13.7); Scoot Henderson(5.0); Jrue Holiday(15.2); Damian Lillard(5.0); Kris Murray(5.5); Matisse Thybulle(6.2); Blake Wesley(5.4),,,,,無賠率,,,,,,
2025-12-31,ATL,MIN,0.36,Toss-up,-5.0,0.18,-8,N'Faly Dante(1.1); Trae Young(16.0),Terrence Shannon Jr.(2.5),2.15,1.42,-0.2260000000000001,-0.0912,觀望,,,,,,
2025-12-31,CHI,NOP,0.58,Toss-up,4.35,0.38,2,Zach Collins(8.6); Trentyn Flowers(1.4); Josh Giddey(17.7); Emanuel Miller(2.6); Coby White(12.8),Herbert Jones(7.4); Dejounte Murray(5.0),1.76,1.66,0.0207999999999999,-0.3027999999999999,主EV=0.02,,,,,,
2025-12-31,MIL,WAS,0.73,🟢 High (Home),8.0,-0.29,3,Taurean Prince(4.1),Malaki Branham(2.7); Kyshawn George(11.2); Corey Kispert(7.3); Cam Whitmore(6.2),,,,,無賠率,,,,,,
2025-12-31,IND,ORL,0.51,Toss-up,-10.57,-0.2,-8,Tyrese Haliburton(5.0); Isaiah Jackson(7.1); T.J. McConnell(9.6); Ben Sheppard(4.9); Obi Toppin(9.2),Desmond Bane(13.7); Jonathan Isaac(2.9); Jalen Suggs(12.5); Franz Wagner(17.9); Moritz Wagner(5.0),2.07,1.45,0.0556999999999998,-0.2895,主EV=0.06,,,,,,
2025-12-31,TOR,DEN,0.49,Toss-up,-6.91,-0.77,4,Jakob Poeltl(10.0),Tamar Bates(5.0); Christian Braun(9.6); Aaron Gordon(14.8); Cameron Johnson(9.0); Nikola Jokić(31.0); Julian Strawther(2.0),1.28,2.55,-0.3728,0.3005,客EV=0.30★,,,,,,
2025-12-30,UTA,BOS,0.24,🔴 High (Away),-13.42,0.57,3,Ace Bailey(6.7); Keyonte George(18.3); Walker Kessler(15.7); Kevin Love(6.7); Georges Niang(5.0),Chris Boucher(2.0); Jayson Tatum(5.0),2.8,1.23,-0.328,-0.0652,觀望,,,,,,
2025-12-30,LAL,DET,0.31,🔴 High (Away),-6.99,0.33,3,Rui Hachimura(9.1); Austin Reaves(21.3); Gabe Vincent(2.8),Caris LeVert(6.6),1.86,1.58,-0.4234,0.0902,客EV=0.09🔥,,,,,,
2025-12-30,MEM,PHI,0.49,Toss-up,-1.38,0.13,2,Brandon Clarke(3.1); Zach Edey(13.3); Ty Jerome(5.0); John Konchar(4.1); Jock Landale(9.4); Scotty Pippen Jr.(5.0); Vince Williams Jr.(6.2),Joel Embiid(15.6); Kelly Oubre Jr.(12.3); Trendon Watford(8.0),1.76,1.66,-0.1376,-0.1533999999999999,觀望,,,,,,
2025-12-30,LAC,SAC,0.71,🟢 High (Home),5.79,-0.09,5,Bradley Beal(3.2); Bogdan Bogdanović(5.1); John Collins(9.0); Ivica Zubac(14.8),Zach LaVine(12.9); Keegan Murray(11.9); Domantas Sabonis(14.9),1.15,3.3,-0.1835000000000001,-0.0429999999999999,觀望,,,,,,
2025-12-29,POR,DAL,0.43,Toss-up,0.14,0.2,3,Jerami Grant(13.7); Scoot Henderson(5.0); Jrue Holiday(15.2); Damian Lillard(5.0); Matisse Thybulle(6.2); Blake Wesley(5.4); Robert Williams(8.1),Anthony Davis(18.2); Dante Exum(5.0); Kyrie Irving(5.0); Dereck Lively II(5.7); Brandon Williams(8.4),1.6,1.85,-0.3119999999999999,0.0545000000000002,客EV=0.05,,,,,,
2025-12-29,WAS,PHO,0.44,Toss-up,-13.18,-0.07,-1,Kyshawn George(11.2); Corey Kispert(7.3); Cam Whitmore(6.2),Grayson Allen(12.3); Ryan Dunn(6.7); Jalen Green(11.2),3.4,1.13,0.496,-0.3671999999999999,主EV=0.50★,,,,,,
2025-12-29,SAS,CLE,0.65,🟢 High (Home),4.28,0.11,1,De'Aaron Fox(16.6),Larry Nance Jr.(2.5); Max Strus(5.0),1.46,2.05,-0.051,-0.2825000000000001,觀望,,,,,,
2025-12-29,CHI,MIN,0.23,🔴 High (Away),-7.24,0.32,1,Zach Collins(8.6); Trentyn Flowers(1.4); Josh Giddey(18.1),Terrence Shannon Jr.(2.5),2.3,1.35,-0.471,0.0395,客EV=0.04🔥,,,,,,
2025-12-29,HOU,IND,0.8,🟢 High (Home),16.85,-0.23,10,Alperen Şengün(19.7); Fred VanVleet(5.0),Tyrese Haliburton(5.0); Jay Huff(7.3); Isaiah Jackson(7.1); T.J. McConnell(9.9); Ben Sheppard(4.9); Obi Toppin(9.2),,,,,無賠率,,,,,,
2025-12-29,CHO,MIL,0.41,Toss-up,0.44,0.34,1,Sion James(5.6); Ryan Kalkbrenner(10.1); Kon Knueppel(13.9); Mason Plumlee(2.8); Grant Williams(5.0),Taurean Prince(4.1); Gary Trent Jr.(6.1),1.94,1.52,-0.2046000000000001,-0.1031999999999998,觀望,,,,,,
2025-12-29,MIA,DEN,0.37,Toss-up,-6.85,-0.08,3,Bam Adebayo(14.5); Tyler Herro(17.7),Tamar Bates(5.0); Christian Braun(9.6); Aaron Gordon(14.8); Cameron Johnson(9.0),1.86,1.58,-0.3117999999999999,-0.0045999999999999,觀望,,,,,,
2025-12-29,BRK,GSW,0.49,Toss-up,-6.94,-0.09,4,Haywood Highsmith(5.0),Seth Curry(7.3); De'Anthony Melton(4.6),2.0,1.48,-0.02,-0.2451999999999999,觀望,,,,,,
2025-12-29,NOP,NYK,0.47,Toss-up,-14.39,-0.31,-5,Herbert Jones(7.4); Dejounte Murray(5.0),Josh Hart(12.6); Miles McBride(8.9); Mitchell Robinson(8.3); Landry Shamet(7.1),2.95,1.2,0.3865,-0.364,主EV=0.39★,,,,,,
2025-12-29,OKC,ATL,0.76,🟢 High (Home),14.67,-0.19,7,Ousmane Dieng(3.3); Thomas Sorber(5.0); Nikola Topić(5.0); Jaylin Williams(5.2),N'Faly Dante(1.1); Kristaps Porziņģis(16.1); Trae Young(16.0),,,,,無賠率,,,,,,
2025-12-29,TOR,ORL,0.59,Toss-up,-0.63,-0.34,0,Collin Murray-Boyles(6.1); Jakob Poeltl(10.0),Goga Bitadze(7.8); Jalen Suggs(12.5); Franz Wagner(17.9); Moritz Wagner(5.0),1.76,1.66,0.0383999999999999,-0.3194,主EV=0.04,,,,,,
2025-12-28,OKC,PHI,0.82,🟢 High (Home),13.22,-0.38,0,Ousmane Dieng(3.3); Thomas Sorber(5.0); Nikola Topić(5.0); Jaylin Williams(5.2),Joel Embiid(15.6); Paul George(12.7); Kelly Oubre Jr.(12.3); Trendon Watford(8.0),,,,,無賠率,,,,,,
2025-12-28,WAS,MEM,0.43,Toss-up,-11.94,-0.24,-1,Malaki Branham(2.7); Kyshawn George(11.2); Corey Kispert(7.3); Cam Whitmore(6.2),Brandon Clarke(3.1); Zach Edey(13.3); Ty Jerome(5.0); John Konchar(4.1); Jock Landale(9.4); Scotty Pippen Jr.(5.0); Vince Williams Jr.(6.2),2.6,1.26,0.1180000000000001,-0.2817999999999999,主EV=0.12★,,,,,,
2025-12-28,LAC,DET,0.39,Toss-up,-11.11,0.33,4,Bradley Beal(3.2); Bogdan Bogdanović(5.1); Cam Christie(2.8); Ivica Zubac(14.8),,1.93,1.53,-0.2472999999999999,-0.0666999999999999,觀望,,,,,,
2025-12-28,LAL,SAC,0.72,🟢 High (Home),10.27,-0.17,-4,Jaxson Hayes(6.3); Austin Reaves(21.3); Drew Timme(2.5); Gabe Vincent(2.8),Devin Carter(2.7); Drew Eubanks(4.3); Zach LaVine(12.9); Keegan Murray(11.9); Domantas Sabonis(14.9),,,,,無賠率,,,,,,
2025-12-28,TOR,GSW,0.65,🟢 High (Home),-0.39,0.11,-4,RJ Barrett(14.7); Collin Murray-Boyles(6.1); Jakob Poeltl(10.0),Seth Curry(7.3); De'Anthony Melton(4.6); Brandin Podziemski(10.0),2.15,1.42,0.3974999999999999,-0.5030000000000001,主EV=0.40★🔥,,,,,,
2025-12-28,POR,BOS,0.31,🔴 High (Away),-9.32,0.65,-7,Jerami Grant(13.7); Scoot Henderson(5.0); Jrue Holiday(15.2); Damian Lillard(5.0); Matisse Thybulle(6.2); Blake Wesley(5.4); Robert Williams(8.1),Chris Boucher(2.0); Jayson Tatum(5.0),2.5,1.3,-0.2249999999999999,-0.103,觀望,,,,,,
2025-12-27,CHI,MIL,0.66,🟢 High (Home),0.09,-0.45,6,,Giannis Antetokounmpo(25.7); Taurean Prince(4.1); Gary Trent Jr.(6.1),1.3,2.5,-0.1419999999999999,-0.1500000000000001,觀望,,,,,,
2025-12-27,ATL,NYK,0.36,Toss-up,-8.01,-0.14,-6,N'Faly Dante(1.1); Kristaps Porziņģis(16.1),Josh Hart(12.6); Miles McBride(8.9); Landry Shamet(7.1),2.35,1.33,-0.154,-0.1487999999999999,觀望,,,,,,
2025-12-27,HOU,CLE,0.63,Toss-up,5.43,0.21,2,Alperen Şengün(19.7); Fred VanVleet(5.0),Larry Nance Jr.(2.5); Max Strus(5.0),1.38,2.25,-0.1306,-0.1674999999999999,觀望,,,,,,
2025-12-27,NOP,PHO,0.37,Toss-up,-8.42,-0.14,-4,Herbert Jones(7.4); Dejounte Murray(5.0),Grayson Allen(12.3); Jalen Green(11.2),2.05,1.46,-0.2415,-0.0802,觀望,,,,,,
2025-12-27,SAS,UTA,0.9,🟢 High (Home),13.31,-0.14,4,De'Aaron Fox(16.6),Ace Bailey(6.7); Walker Kessler(15.7); Georges Niang(5.0),,,,,無賠率,,,,,,
2025-12-27,SAC,DAL,0.45,Toss-up,-6.46,0.05,0,Devin Carter(2.7); Drew Eubanks(4.3); Zach LaVine(12.9); Keegan Murray(11.9); Domantas Sabonis(14.9),Anthony Davis(18.2); Dante Exum(5.0); Kyrie Irving(5.0); Dereck Lively II(5.7); Brandon Williams(8.4),1.88,1.56,-0.154,-0.1419999999999999,觀望,,,,,,
2025-12-27,MIN,BRK,0.59,Toss-up,9.85,0.3,-3,Mike Conley(5.3); Anthony Edwards(21.5); Terrence Shannon Jr.(2.5),Haywood Highsmith(5.0),1.18,3.1,-0.3038,0.2710000000000001,客EV=0.27★,,,,,,
2025-12-27,MIA,IND,0.77,🟢 High (Home),9.48,-0.05,8,Bam Adebayo(14.5); Tyler Herro(17.7),Tyrese Haliburton(5.0); Isaiah Jackson(7.1); Aaron Nesmith(10.1); Ben Sheppard(4.9); Obi Toppin(9.2),1.2,2.95,-0.076,-0.3215,觀望,,,,,,
2025-12-27,ORL,DEN,0.39,Toss-up,-6.53,0.06,-2,Goga Bitadze(7.8); Jalen Suggs(12.5); Franz Wagner(17.9); Moritz Wagner(5.0),Tamar Bates(5.0); Christian Braun(9.6); Aaron Gordon(14.8); Cameron Johnson(9.0),2.25,1.38,-0.1224999999999999,-0.1582000000000001,觀望,,,,,,
2025-12-26,ORL,CHO,0.69,🟢 High (Home),6.16,0.4,0,Goga Bitadze(7.8); Tristan Da Silva(7.1); Jalen Suggs(12.5); Franz Wagner(17.9); Moritz Wagner(5.0),Ryan Kalkbrenner(10.1); Mason Plumlee(2.8); Grant Williams(5.0),1.28,2.55,-0.1168,-0.2094999999999999,觀望,,,,,,
2025-12-26,MEM,MIL,0.6,Toss-up,2.52,0.29,0,Brandon Clarke(3.1); Cedric Coward(10.8); Zach Edey(13.3); Ty Jerome(5.0); John Konchar(4.1); Ja Morant(11.7); Scotty Pippen Jr.(5.0); Vince Williams Jr.(6.2),Giannis Antetokounmpo(25.7); Taurean Prince(4.1); Gary Trent Jr.(6.1),1.35,2.3,-0.1899999999999999,-0.08,觀望,,,,,,
2025-12-26,CHI,PHI,0.56,Toss-up,-4.96,-0.86,5,,Dominick Barlow(9.1); VJ Edgecombe(12.2); Joel Embiid(15.1); Quentin Grimes(11.7); Kelly Oubre Jr.(12.3); Trendon Watford(8.0),1.7,1.73,-0.0479999999999999,-0.2388000000000001,觀望,,,,,,
2025-12-26,ATL,MIA,0.42,Toss-up,-2.73,-0.31,-1,N'Faly Dante(1.1); Mouhamed Gueye(4.8); Kristaps Porziņģis(16.1),Bam Adebayo(14.5); Tyler Herro(17.7); Keshad Johnson(2.8); Nikola Jović(4.8); Pelle Larsson(7.1),1.43,2.1,-0.3994000000000001,0.2180000000000002,客EV=0.22★,,,,,,
2025-12-26,UTA,DET,0.24,🔴 High (Away),-13.75,0.18,-7,Walker Kessler(15.7); Georges Niang(5.0),Ron Holland(6.1),3.3,1.15,-0.208,-0.1260000000000001,觀望,,,,,,
2025-12-26,POR,LAC,0.59,Toss-up,2.22,0.47,-4,Jerami Grant(13.7); Scoot Henderson(5.0); Jrue Holiday(15.2); Damian Lillard(5.0); Kris Murray(5.4); Matisse Thybulle(6.2); Blake Wesley(5.4); Robert Williams(8.1),Bradley Beal(3.2); Derrick Jones Jr.(8.7); Ivica Zubac(14.8),1.86,1.58,0.0973999999999999,-0.3521999999999999,主EV=0.10,,,,,,
2025-12-26,IND,BOS,0.19,🔴 High (Away),-14.0,0.27,-9,Tyrese Haliburton(5.0); Isaiah Jackson(7.1); Aaron Nesmith(10.1); Ben Sheppard(4.9); Obi Toppin(9.2),Chris Boucher(2.0); Jayson Tatum(5.0); Jordan Walsh(7.7),2.95,1.2,-0.4395,-0.028,觀望,,,,,,
2025-12-26,NOP,PHO,0.47,Toss-up,-7.11,-0.01,-2,Herbert Jones(7.4); Dejounte Murray(5.0); Jordan Poole(10.1),Grayson Allen(12.3); Jalen Green(11.2),2.07,1.45,-0.0271000000000001,-0.2315,觀望,,,,,,
2025-12-26,WAS,TOR,0.46,Toss-up,-13.8,-0.22,-3,Corey Kispert(7.3); Cam Whitmore(6.2),RJ Barrett(14.7); Collin Murray-Boyles(6.1); Jakob Poeltl(10.0),2.95,1.2,0.3570000000000002,-0.352,主EV=0.36★,,,,,,
2025-12-25,OKC,SAS,0.53,Toss-up,10.12,0.37,-5,Ousmane Dieng(3.3); Ajay Mitchell(11.5); Thomas Sorber(5.0); Nikola Topić(5.0); Jaylin Williams(5.2),,1.18,3.1,-0.3746,0.4569999999999998,客EV=0.46★,,,,,,
2025-12-25,LAL,HOU,0.32,🔴 High (Away),-7.64,0.17,0,Luka Dončić(27.2); Rui Hachimura(9.6); Jaxson Hayes(6.3); Gabe Vincent(2.8),Dorian Finney-Smith(5.0); Alperen Şengün(19.9); Jae'Sean Tate(2.5); Fred VanVleet(5.0),1.86,1.58,-0.4047999999999999,0.0744,客EV=0.07🔥,,,,,,
2025-12-25,DEN,MIN,0.62,Toss-up,4.53,0.34,-4,Tamar Bates(5.0); Christian Braun(9.6); Aaron Gordon(14.8); Cameron Johnson(9.0),Jaden McDaniels(11.3),1.62,1.82,0.0043999999999999,-0.3084,主EV=0.00,,,,,,
2025-12-25,NYK,CLE,0.76,🟢 High (Home),6.22,-0.08,-3,Miles McBride(8.9); Landry Shamet(7.1); Guerschon Yabusele(2.0),Evan Mobley(16.8); Larry Nance Jr.(2.5); Max Strus(5.0),1.35,2.3,0.026,-0.448,主EV=0.03🔥,,,,,,
2025-12-25,GSW,DAL,0.73,🟢 High (Home),5.03,-0.51,1,Seth Curry(7.3); Al Horford(5.1),Max Christie(8.7); Dante Exum(5.0); Kyrie Irving(5.0); Dereck Lively II(5.7); Dwight Powell(3.1); Klay Thompson(6.2); P.J. Washington(11.5); Brandon Williams(8.0),1.22,2.85,-0.1094,-0.2304999999999999,觀望,,,,,,
2025-12-23,CHO,WAS,0.75,🟢 High (Home),8.96,0.09,-1,Ryan Kalkbrenner(10.1); Mason Plumlee(2.8); Collin Sexton(11.3); Grant Williams(5.0),Marvin Bagley III(9.5); Bilal Coulibaly(6.3); Cam Whitmore(6.2),1.33,2.35,-0.0024999999999999,-0.4125,觀望,,,,,,
2025-12-23,POR,ORL,0.4,Toss-up,-5.97,0.1,0,Jerami Grant(13.7); Scoot Henderson(5.0); Jrue Holiday(15.2); Damian Lillard(5.0); Matisse Thybulle(6.2); Blake Wesley(5.4),Tristan Da Silva(7.1); Jalen Suggs(12.5); Franz Wagner(17.9); Moritz Wagner(5.0),1.82,1.62,-0.2719999999999999,-0.028,觀望,,,,,,
2025-12-23,PHO,LAL,0.6,Toss-up,-1.49,-0.48,0,Grayson Allen(12.3); Jalen Green(11.2),Luka Dončić(27.2); Rui Hachimura(9.6); Austin Reaves(22.5); Gabe Vincent(2.8),1.32,2.4,-0.2079999999999999,-0.04,觀望,,,,,,
2025-12-23,SAS,OKC,0.58,Toss-up,-10.31,-0.65,2,Victor Wembanyama(20.8),Alex Caruso(6.5); Ousmane Dieng(3.3); Isaiah Hartenstein(13.1); Chet Holmgren(15.3); Ajay Mitchell(11.5); Thomas Sorber(5.0); Nikola Topić(5.0); Aaron Wiggins(8.2); Jaylin Williams(5.2),2.3,1.35,0.3339999999999998,-0.4329999999999999,主EV=0.33★,,,,,,
2025-12-23,ATL,CHI,0.33,🔴 High (Away),2.89,0.41,-6,Dyson Daniels(11.7); Mouhamed Gueye(4.8); Kristaps Porziņģis(16.1),,1.43,2.1,-0.5281,0.4069999999999998,客EV=0.41★🔥,,,,,,
2025-12-23,SAC,DET,0.27,🔴 High (Away),-17.0,0.37,-1,Devin Carter(2.7); Drew Eubanks(4.3); Zach LaVine(12.9); Doug McDermott(1.1); Domantas Sabonis(14.9),Ron Holland(6.1),3.1,1.18,-0.1629999999999999,-0.1386,觀望,,,,,,
2025-12-23,MIA,TOR,0.64,Toss-up,0.83,0.06,0,Tyler Herro(17.7); Nikola Jović(4.8); Pelle Larsson(7.1),RJ Barrett(14.7); Jakob Poeltl(10.0),1.36,2.28,-0.1295999999999999,-0.1792000000000001,觀望,,,,,,
2025-12-23,PHI,BRK,0.66,🟢 High (Home),7.36,0.42,1,Dominick Barlow(9.1); Joel Embiid(14.5); Quentin Grimes(11.7); Kelly Oubre Jr.(12.3); Trendon Watford(8.0),Haywood Highsmith(5.0); Drake Powell(4.8); Cam Thomas(12.4),1.16,3.2,-0.2344,0.0879999999999998,客EV=0.09,,,,,,
2025-12-23,UTA,MEM,0.54,Toss-up,-5.68,-0.31,-1,Walker Kessler(15.7); Kevin Love(6.5); Georges Niang(5.0),Brandon Clarke(3.1); Zach Edey(13.3); Ty Jerome(5.0); John Konchar(4.1); Ja Morant(11.7); Scotty Pippen Jr.(5.0); Javon Small(3.2); Vince Williams Jr.(6.2),1.9,1.55,0.026,-0.287,主EV=0.03,,,,,,
2025-12-23,MIN,NYK,0.55,Toss-up,-3.35,-0.5,1,Joe Ingles(0.4); Jaden McDaniels(11.3),OG Anunoby(12.4); Jalen Brunson(21.1); Miles McBride(8.9); Landry Shamet(7.1); Guerschon Yabusele(2.0),1.28,2.55,-0.2959999999999999,0.1474999999999997,客EV=0.15★,,,,,,
2025-12-23,IND,MIL,0.39,Toss-up,-3.95,0.2,-2,Tyrese Haliburton(5.0); Isaiah Jackson(7.1); T.J. McConnell(9.4); Aaron Nesmith(10.1); Ben Sheppard(4.9); Obi Toppin(9.2),Giannis Antetokounmpo(25.7); Taurean Prince(4.1),1.75,1.68,-0.3175,0.0247999999999999,客EV=0.02,,,,,,
2025-12-23,LAC,HOU,0.32,🔴 High (Away),-15.38,0.21,2,Bradley Beal(3.2); Derrick Jones Jr.(8.7); Ivica Zubac(14.8),Dorian Finney-Smith(5.0); Fred VanVleet(5.0),2.7,1.25,-0.1359999999999999,-0.1500000000000001,觀望,,,,,,
2025-12-23,CLE,NOP,0.53,Toss-up,8.77,0.15,-4,Evan Mobley(16.8); Larry Nance Jr.(2.5); Max Strus(5.0),Herbert Jones(7.4); Dejounte Murray(5.0),1.16,3.2,-0.3852,0.504,客EV=0.50★,,,,,,
2025-12-23,DAL,DEN,0.26,🔴 High (Away),-12.25,-0.0,-3,Max Christie(8.7); Dante Exum(5.0); Kyrie Irving(5.0); Dereck Lively II(5.7),Christian Braun(9.6); Aaron Gordon(14.8),2.6,1.26,-0.3239999999999999,-0.0676,觀望,,,,,,
2025-12-22,POR,DET,0.2,🔴 High (Away),-9.19,0.63,2,Jerami Grant(13.7); Scoot Henderson(5.0); Jrue Holiday(15.2); Damian Lillard(5.0); Matisse Thybulle(6.2); Blake Wesley(5.4),,2.5,1.3,-0.5,0.04,客EV=0.04🔥,,,,,,
2025-12-22,DEN,UTA,0.82,🟢 High (Home),16.24,-0.1,1,Christian Braun(9.6); Aaron Gordon(14.8); Peyton Watson(9.0),Walker Kessler(15.7); Lauri Markkanen(21.0); Georges Niang(5.0),,,,,無賠率,,,,,,
2025-12-22,CLE,CHO,0.57,Toss-up,5.14,0.28,-2,Sam Merrill(10.1); Donovan Mitchell(22.3); Evan Mobley(16.8); Larry Nance Jr.(2.5); Craig Porter Jr.(6.3); Max Strus(5.0),LaMelo Ball(14.5); Ryan Kalkbrenner(10.1); Collin Sexton(11.3); Grant Williams(5.0),1.18,3.1,-0.3274000000000001,0.3330000000000002,客EV=0.33★,,,,,,
2025-12-22,NOP,DAL,0.54,Toss-up,-4.58,-0.41,5,Herbert Jones(7.3); Dejounte Murray(5.0),Max Christie(8.7); Dante Exum(5.0); Cooper Flagg(14.6); Kyrie Irving(5.0); Dereck Lively II(5.7); Klay Thompson(6.0),1.7,1.73,-0.0819999999999999,-0.2042,觀望,,,,,,
2025-12-22,BOS,IND,0.87,🟢 High (Home),13.26,-0.1,6,Jaylen Brown(20.4); Jayson Tatum(5.0); Jordan Walsh(7.7),Johnny Furphy(2.2); Tyrese Haliburton(5.0); T.J. McConnell(9.4); Aaron Nesmith(10.1); Ben Sheppard(4.9); Obi Toppin(9.2),1.13,3.4,-0.0169000000000001,-0.558,觀望,,,,,,
2025-12-22,OKC,MEM,0.68,🟢 High (Home),17.17,-0.32,0,Thomas Sorber(5.0); Nikola Topić(5.0); Aaron Wiggins(8.2); Jaylin Williams(5.2),Zach Edey(13.3); Ty Jerome(5.0); John Konchar(4.1); Ja Morant(11.7); Scotty Pippen Jr.(5.0); Javon Small(3.2); Vince Williams Jr.(6.2),,,,,無賠率,,,,,,
2025-12-22,GSW,ORL,0.43,Toss-up,-1.84,-0.38,0,Seth Curry(7.3); Al Horford(5.1),Tristan Da Silva(7.1); Jalen Suggs(12.5); Franz Wagner(17.9); Moritz Wagner(5.0),1.35,2.3,-0.4195,0.3109999999999999,客EV=0.31★,,,,,,
2025-12-21,NYK,MIA,0.83,🟢 High (Home),5.64,-0.46,0,Miles McBride(8.9); Landry Shamet(7.1),Tyler Herro(17.7); Nikola Jović(4.8); Pelle Larsson(7.1); Davion Mitchell(10.8); Andrew Wiggins(12.3),1.23,2.8,0.0208999999999999,-0.5239999999999999,主EV=0.02🔥,,,,,,
2025-12-21,MIN,MIL,0.72,🟢 High (Home),8.43,-0.31,3,Mike Conley(5.1),Giannis Antetokounmpo(25.7); Taurean Prince(4.1),1.09,3.8,-0.2151999999999999,0.064,客EV=0.06,,,,,,
2025-12-21,ATL,CHI,0.75,🟢 High (Home),4.33,-0.22,-4,Kristaps Porziņģis(16.1),Ayo Dosunmu(11.4); Jalen Smith(7.6); Coby White(14.5),1.42,2.15,0.0649999999999999,-0.4625,主EV=0.06🔥,,,,,,
2025-12-21,SAC,HOU,0.39,Toss-up,-19.68,0.16,-6,Drew Eubanks(4.3); Zach LaVine(12.9); Domantas Sabonis(14.9),Tari Eason(9.1); Dorian Finney-Smith(5.0); Fred VanVleet(5.0),,,,,無賠率,,,,,,
2025-12-21,WAS,SAS,0.1,🔴 High (Away),-18.41,0.28,-1,Bilal Coulibaly(6.3); Corey Kispert(7.3); Jamir Watkins(2.7); Cam Whitmore(6.2),,,,,,無賠率,,,,,,
2025-12-21,BRK,TOR,0.57,Toss-up,-7.93,0.01,0,Haywood Highsmith(5.0); Drake Powell(4.8); Ben Saraf(3.5); Cam Thomas(12.4),RJ Barrett(14.7); Jakob Poeltl(10.4),2.05,1.46,0.1684999999999998,-0.3722,主EV=0.17★,,,,,,
2025-12-20,MEM,WAS,0.67,🟢 High (Home),12.39,0.38,3,Zach Edey(13.3); Ty Jerome(5.0); John Konchar(4.1); Ja Morant(11.7); Scotty Pippen Jr.(5.0); Javon Small(3.2); Vince Williams Jr.(6.2),Malaki Branham(2.9); Corey Kispert(7.3); Khris Middleton(8.1),1.12,3.5,-0.2495999999999999,0.1549999999999998,客EV=0.15★,,,,,,
2025-12-20,UTA,ORL,0.42,Toss-up,-10.39,-0.05,1,Walker Kessler(15.7); Lauri Markkanen(21.0); Georges Niang(5.0),Tristan Da Silva(7.1); Jonathan Isaac(2.8); Jalen Suggs(12.5); Franz Wagner(17.9); Moritz Wagner(5.0),2.7,1.25,0.1340000000000001,-0.2749999999999999,主EV=0.13★,,,,,,
2025-12-20,DET,CHO,0.77,🟢 High (Home),9.84,-0.11,-3,Caris LeVert(7.3); Duncan Robinson(8.7),Pat Connaughton(3.8); Tre Mann(4.7); Collin Sexton(11.3); Grant Williams(5.0),1.16,3.2,-0.1068,-0.264,觀望,,,,,,
2025-12-20,NOP,IND,0.57,Toss-up,-0.8,-0.35,6,Dejounte Murray(5.0),Tony Bradley(3.9); Tyrese Haliburton(5.0); Aaron Nesmith(10.1); Ben Sheppard(4.9); Obi Toppin(9.2),1.5,1.96,-0.145,-0.1571999999999999,觀望,,,,,,
2025-12-20,PHI,DAL,0.53,Toss-up,4.87,-0.05,0,Joel Embiid(14.5); Kelly Oubre Jr.(12.3); Hunter Sallis(0.4); Trendon Watford(8.0),Anthony Davis(17.6); Dante Exum(5.0); Kyrie Irving(5.0); Dereck Lively II(5.7); Klay Thompson(6.1),1.58,1.86,-0.1625999999999999,-0.1258,觀望,,,,,,
2025-12-20,SAC,POR,0.44,Toss-up,-7.6,-0.06,-6,Drew Eubanks(4.3); Zach LaVine(12.9); Domantas Sabonis(14.9),Scoot Henderson(5.0); Jrue Holiday(15.2); Damian Lillard(5.0); Matisse Thybulle(6.2); Blake Wesley(5.4),2.15,1.42,-0.054,-0.2047999999999999,觀望,,,,,,
2025-12-20,DEN,HOU,0.7,🟢 High (Home),-0.25,0.18,8,Christian Braun(9.6); Aaron Gordon(14.8); Peyton Watson(9.0),Tari Eason(9.1); Dorian Finney-Smith(5.0); Fred VanVleet(5.0),1.72,1.72,0.2039999999999999,-0.484,主EV=0.20★🔥,,,,,,
2025-12-20,GSW,PHO,0.58,Toss-up,0.97,-0.09,-4,Seth Curry(7.3); Al Horford(5.1); Pat Spencer(6.7),Grayson Allen(12.3); Jalen Green(11.2); Isaiah Livers(2.3),1.32,2.4,-0.2344,0.008,客EV=0.01,,,,,,
2025-12-20,LAC,LAL,0.5,Toss-up,-7.25,-0.01,-7,Bradley Beal(3.2); Cam Christie(3.2); James Harden(21.0); Derrick Jones Jr.(8.7); Yanic Konan Niederhäuser(2.5),Deandre Ayton(13.8); Austin Reaves(22.5); Gabe Vincent(2.8),1.86,1.58,-0.0699999999999999,-0.2099999999999999,觀望,,,,,,
2025-12-20,TOR,BOS,0.34,🔴 High (Away),-3.39,0.23,1,RJ Barrett(14.7); Jakob Poeltl(10.4),Ron Harper Jr.(2.0); Jayson Tatum(5.0),1.8,1.63,-0.3879999999999999,0.0757999999999998,客EV=0.08🔥,,,,,,
2025-12-19,MIN,OKC,0.39,Toss-up,-11.46,-0.04,-2,Mike Conley(5.1); Anthony Edwards(20.9),Isaiah Hartenstein(13.8); Thomas Sorber(5.0); Nikola Topić(5.0); Jaylin Williams(5.2),2.85,1.22,0.1115000000000001,-0.2558,主EV=0.11★,,,,,,
2025-12-19,NYK,PHI,0.75,🟢 High (Home),7.57,0.24,8,Josh Hart(12.8); Miles McBride(8.9); Mitchell Robinson(7.2); Landry Shamet(7.1); Karl-Anthony Towns(18.7),Joel Embiid(14.5); Kelly Oubre Jr.(12.3); Hunter Sallis(0.4); Trendon Watford(8.0),1.4,2.2,0.0499999999999998,-0.4499999999999999,主EV=0.05🔥,,,,,,
2025-12-19,CLE,CHI,0.79,🟢 High (Home),7.34,0.32,-3,Sam Merrill(10.1); Donovan Mitchell(22.3); Evan Mobley(16.8); Larry Nance Jr.(2.5); Max Strus(5.0),Zach Collins(6.9); Ayo Dosunmu(11.7); Tre Jones(12.7),1.25,2.7,-0.0124999999999999,-0.433,觀望,,,,,,
2025-12-19,ATL,SAS,0.67,🟢 High (Home),-3.35,0.2,-2,Kristaps Porziņģis(16.1),,1.86,1.58,0.2462000000000002,-0.4786,主EV=0.25★🔥,,,,,,
2025-12-19,BOS,MIA,0.61,Toss-up,3.33,-0.13,-3,Ron Harper Jr.(2.0); Sam Hauser(4.9); Josh Minott(7.0); Jayson Tatum(5.0),Tyler Herro(17.7); Nikola Jović(4.8); Pelle Larsson(7.1),1.28,2.55,-0.2191999999999999,-0.0055,觀望,,,,,,
2025-12-18,BRK,MIA,0.59,Toss-up,-10.96,-0.33,6,Haywood Highsmith(5.0); Ben Saraf(3.5); Cam Thomas(12.4),Tyler Herro(17.7); Nikola Jović(4.8); Pelle Larsson(7.1); Norman Powell(17.3),2.5,1.3,0.4749999999999998,-0.4669999999999999,主EV=0.47★,,,,,,
2025-12-18,NOP,HOU,0.35,🔴 High (Away),-19.52,-0.18,3,Dejounte Murray(5.0),Tari Eason(9.1); Dorian Finney-Smith(5.0); Fred VanVleet(5.0),3.2,1.16,0.1199999999999998,-0.246,主EV=0.12★,,,,,,
2025-12-18,IND,NYK,0.5,Toss-up,-16.06,-0.49,-8,Tyrese Haliburton(5.0); Aaron Nesmith(10.1); Ben Sheppard(4.9); Obi Toppin(9.2),OG Anunoby(13.7); Josh Hart(12.8); Miles McBride(8.9); Mitchell Robinson(7.2); Landry Shamet(7.1); Karl-Anthony Towns(18.7),2.07,1.45,0.0349999999999999,-0.275,主EV=0.03,,,,,,
2025-12-18,MIL,TOR,0.37,Toss-up,-4.04,0.48,-2,Giannis Antetokounmpo(25.7); Cole Anthony(4.9); A.J. Green(8.5); Kyle Kuzma(10.0); Taurean Prince(4.1),RJ Barrett(14.7),2.35,1.33,-0.1304999999999999,-0.1620999999999999,觀望,,,,,,
2025-12-18,PHO,GSW,0.29,🔴 High (Away),-1.11,0.18,0,Grayson Allen(12.3); Jalen Green(11.2); Isaiah Livers(2.3),Al Horford(5.1); Pat Spencer(6.7),1.85,1.6,-0.4635,0.1359999999999999,客EV=0.14★🔥,,,,,,
2025-12-18,CHO,ATL,0.37,Toss-up,-4.49,0.09,0,LaMelo Ball(14.7); Pat Connaughton(3.8); Tre Mann(4.7); Collin Sexton(11.3); Grant Williams(5.0),N'Faly Dante(1.1); Kristaps Porziņģis(16.1); Jacob Toppin(1.3); Trae Young(13.8),2.2,1.4,-0.1859999999999999,-0.1180000000000001,觀望,,,,,,
2025-12-18,SAS,WAS,0.84,🟢 High (Home),19.23,-0.43,-2,,Malaki Branham(2.9); Corey Kispert(7.3); Khris Middleton(8.1); Alex Sarr(16.1),,,,,無賠率,,,,,,
2025-12-18,OKC,LAC,0.91,🟢 High (Home),22.21,-0.08,3,Isaiah Hartenstein(13.8); Thomas Sorber(5.0); Nikola Topić(5.0); Jaylin Williams(5.2),Bradley Beal(3.2); James Harden(21.0); Derrick Jones Jr.(8.7); Yanic Konan Niederhäuser(2.5),,,,,無賠率,,,,,,
2025-12-18,DAL,DET,0.37,Toss-up,-9.88,0.61,-5,Anthony Davis(18.2); Dante Exum(5.0); Kyrie Irving(5.0); Dereck Lively II(5.7); D'Angelo Russell(7.4); Brandon Williams(8.3),Isaac Jones(0.8),2.35,1.33,-0.1304999999999999,-0.1620999999999999,觀望,,,,,,
2025-12-18,POR,SAC,0.63,Toss-up,7.17,-0.06,4,Scoot Henderson(5.0); Jrue Holiday(15.2); Damian Lillard(5.0); Matisse Thybulle(6.2); Blake Wesley(5.4),Drew Eubanks(4.3); Zach LaVine(12.9); Domantas Sabonis(14.9); Dennis Schröder(9.8),1.2,2.95,-0.244,0.0915000000000001,客EV=0.09,,,,,,
2025-12-18,UTA,LAL,0.31,🔴 High (Away),-8.93,0.21,1,Walker Kessler(15.7); Walker Kessler(15.7); Lauri Markkanen(21.0); Georges Niang(5.0),Deandre Ayton(13.8); Maxi Kleber(1.7); Austin Reaves(22.5); Gabe Vincent(2.8),2.7,1.25,-0.1629999999999999,-0.1375,觀望,,,,,,
2025-12-18,DEN,ORL,0.6,Toss-up,5.45,-0.06,6,Christian Braun(9.6); Aaron Gordon(14.8); Tim Hardaway Jr.(9.1); Peyton Watson(9.0),Colin Castleton(5.0); Tristan Da Silva(7.1); Jalen Suggs(12.5); Franz Wagner(17.9); Moritz Wagner(5.0),1.25,2.7,-0.25,0.08,客EV=0.08,,,,,,
2025-12-17,CHI,CLE,0.42,Toss-up,-7.51,-0.28,0,Ayo Dosunmu(11.7),Sam Merrill(10.1); Evan Mobley(16.8); Larry Nance Jr.(2.5); Max Strus(5.0),2.25,1.38,-0.055,-0.1996,觀望,,,,,,
2025-12-17,MIN,MEM,0.74,🟢 High (Home),6.27,-0.27,1,Mike Conley(5.1); Anthony Edwards(20.9),Brandon Clarke(5.0); Zach Edey(13.3); Ty Jerome(5.0); John Konchar(4.1); Ja Morant(11.7); Scotty Pippen Jr.(5.0); Javon Small(3.2),1.23,2.8,-0.0897999999999999,-0.272,觀望,,,,,,
2025-12-15,LAC,MEM,0.49,Toss-up,-3.61,-0.3,-2,Bradley Beal(3.2); Derrick Jones Jr.(8.7),Brandon Clarke(5.0); Zach Edey(13.3); Ty Jerome(5.0); John Konchar(4.1); Scotty Pippen Jr.(5.0); Javon Small(3.2),1.46,2.05,-0.2846000000000001,0.0454999999999998,客EV=0.05,,,,,,
2025-12-15,UTA,DAL,0.51,Toss-up,-3.65,-0.37,-1,Walker Kessler(15.7); Georges Niang(5.0),Anthony Davis(18.2); Dante Exum(5.0); Daniel Gafford(9.3); Kyrie Irving(5.0); Dereck Lively II(5.7); D'Angelo Russell(7.4),1.86,1.58,-0.0513999999999998,-0.2258,觀望,,,,,,
2025-12-15,BOS,DET,0.52,Toss-up,1.42,0.11,-4,Chris Boucher(2.0); Ron Harper Jr.(2.0); Jayson Tatum(5.0); Amari Williams(1.0),Isaac Jones(0.8),1.65,1.78,-0.142,-0.1456,觀望,,,,,,
2025-12-15,DEN,HOU,0.56,Toss-up,-1.82,0.09,3,Christian Braun(9.6); Aaron Gordon(14.8); Julian Strawther(1.9),Tari Eason(9.1); Dorian Finney-Smith(5.0); Fred VanVleet(5.0),1.65,1.78,-0.0759999999999999,-0.2168000000000001,觀望,,,,,,
2025-12-15,MIA,TOR,0.76,🟢 High (Home),1.12,-0.13,0,Pelle Larsson(7.1),RJ Barrett(14.7); Jamison Battle(3.2),1.32,2.4,0.0032,-0.424,主EV=0.00🔥,,,,,,
2025-12-14,CHI,NOP,0.66,🟢 High (Home),5.58,0.2,0,Ayo Dosunmu(11.7); Kevin Huerter(9.0); Dalen Terry(3.1); Coby White(14.3),Dejounte Murray(5.0); Zion Williamson(17.1),1.4,2.2,-0.076,-0.252,觀望,,,,,,
2025-12-14,PHO,LAL,0.55,Toss-up,0.18,0.25,0,Devin Booker(18.0); Dillon Brooks(12.4); Jalen Green(11.2); Isaiah Livers(2.3),Maxi Kleber(1.7); Austin Reaves(22.5),1.73,1.7,-0.0484999999999999,-0.2350000000000001,觀望,,,,,,
2025-12-14,IND,WAS,0.67,🟢 High (Home),8.06,-0.01,3,Tony Bradley(4.0); Tyrese Haliburton(5.0); Andrew Nembhard(13.6); Aaron Nesmith(10.1); Ben Sheppard(4.9); Obi Toppin(9.2),Malaki Branham(2.9); Bilal Coulibaly(6.9); Tre Johnson(6.3); Corey Kispert(7.3); Khris Middleton(8.1); Alex Sarr(16.1),1.16,3.2,-0.2228,0.0559999999999998,客EV=0.06,,,,,,
2025-12-14,MIN,SAC,0.73,🟢 High (Home),14.61,-0.05,3,Mike Conley(5.1); Anthony Edwards(20.9); Bones Hyland(3.3),Keon Ellis(4.1); Drew Eubanks(4.3); Domantas Sabonis(14.9); Dennis Schröder(9.8),1.12,3.5,-0.1823999999999999,-0.0549999999999999,觀望,,,,,,
2025-12-14,CLE,CHO,0.74,🟢 High (Home),6.96,0.01,3,Jarrett Allen(13.4); Sam Merrill(10.1); Evan Mobley(16.8); Larry Nance Jr.(2.5); Max Strus(5.0),LaMelo Ball(14.7); Pat Connaughton(3.8); Josh Green(1.9); Tre Mann(4.7); Tidjane Salaün(5.6); Collin Sexton(11.3); Grant Williams(5.0),1.12,3.5,-0.1711999999999999,-0.0899999999999999,觀望,,,,,,
2025-12-14,BRK,MIL,0.45,Toss-up,-4.87,-0.22,-2,Haywood Highsmith(5.0); Ben Saraf(3.5); Cam Thomas(12.4),Giannis Antetokounmpo(25.7); A.J. Green(8.5); Taurean Prince(4.1),1.8,1.63,-0.1899999999999999,-0.1035,觀望,,,,,,
2025-12-14,ATL,PHI,0.75,🟢 High (Home),0.58,-0.16,-2,Nickeil Alexander-Walker(14.8); N'Faly Dante(1.1); Kristaps Porziņģis(16.1); Jacob Toppin(1.3); Trae Young(13.8),Joel Embiid(14.3); Tyrese Maxey(24.7); Kelly Oubre Jr.(12.3); Hunter Sallis(0.4); Trendon Watford(8.0),1.4,2.2,0.0499999999999998,-0.4499999999999999,主EV=0.05🔥,,,,,,
2025-12-14,POR,GSW,0.34,🔴 High (Away),-4.92,0.65,-2,Donovan Clingan(11.7); Yang Hansen(1.2); Scoot Henderson(5.0); Jrue Holiday(15.2); Damian Lillard(5.0); Matisse Thybulle(6.2); Blake Wesley(5.4); Robert Williams(7.6),Al Horford(5.1),2.15,1.42,-0.269,-0.0628000000000001,觀望,,,,,,
2025-12-13,ORL,NYK,0.49,Toss-up,-4.28,0.08,-3,Franz Wagner(17.9); Moritz Wagner(5.0),Pacome Dadiet(0.3); Miles McBride(8.9); Landry Shamet(7.1),2.3,1.35,0.127,-0.3114999999999999,主EV=0.13★,,,,,,
2025-12-13,OKC,SAS,0.73,🟢 High (Home),11.63,-0.04,14,Isaiah Joe(9.5); Thomas Sorber(5.0); Nikola Topić(5.0),Victor Wembanyama(22.6),1.15,3.3,-0.1605000000000001,-0.1089999999999999,觀望,,,,,,
2025-12-12,MEM,UTA,0.73,🟢 High (Home),4.21,0.33,4,Brandon Clarke(5.0); Zach Edey(13.3); Ty Jerome(5.0); John Konchar(4.1); Ja Morant(11.7); Scotty Pippen Jr.(5.0); Javon Small(3.2),Walker Kessler(15.7); Georges Niang(5.0),1.26,2.6,-0.0802,-0.2979999999999999,觀望,,,,,,
2025-12-12,GSW,MIN,0.5,Toss-up,-4.23,-0.12,3,Draymond Green(6.5); Al Horford(5.1); Trayce Jackson-Davis(4.5),Mike Conley(5.1); Anthony Edwards(20.9),1.58,1.86,-0.2099999999999999,-0.0699999999999999,觀望,,,,,,
2025-12-12,CHO,CHI,0.53,Toss-up,-0.2,-0.15,6,LaMelo Ball(14.7); Pat Connaughton(3.8); Moussa Diabaté(10.3); Josh Green(5.0); Tre Mann(4.7); Collin Sexton(11.3); Grant Williams(5.0),Zach Collins(4.7); Ayo Dosunmu(11.7); Kevin Huerter(9.0); Tre Jones(13.1); Isaac Okoro(5.7); Jalen Smith(8.3); Coby White(14.7),1.9,1.55,0.0069999999999998,-0.2715000000000001,主EV=0.01,,,,,,
2025-12-12,WAS,CLE,0.32,🔴 High (Away),-18.48,0.22,-2,Malaki Branham(2.9); Bilal Coulibaly(6.9); Tre Johnson(6.8); Corey Kispert(7.3); Khris Middleton(8.1); Alex Sarr(16.1),Jarrett Allen(13.4); Sam Merrill(10.1); Larry Nance Jr.(2.5); Max Strus(5.0),,,,,無賠率,,,,,,
2025-12-12,DAL,BRK,0.76,🟢 High (Home),4.18,0.1,0,Dante Exum(5.0); Daniel Gafford(9.3); Kyrie Irving(5.0); Dereck Lively II(5.7),Haywood Highsmith(5.0); Cam Thomas(12.4),1.23,2.8,-0.0652,-0.328,觀望,,,,,,
2025-12-12,PHI,IND,0.7,🟢 High (Home),9.08,0.16,-3,Joel Embiid(12.7); Tyrese Maxey(24.7); Kelly Oubre Jr.(12.3); Hunter Sallis(0.4); Trendon Watford(8.0),Tyrese Haliburton(5.0); Quenton Jackson(10.9); Kam Jones(5.0); Aaron Nesmith(10.1); Ben Sheppard(4.9); Obi Toppin(9.2),1.23,2.8,-0.139,-0.1599999999999999,觀望,,,,,,
2025-12-12,DET,ATL,0.62,Toss-up,4.18,-0.46,1,Isaac Jones(0.8),N'Faly Dante(1.1); Nikola Djurisic(5.0); Kristaps Porziņģis(16.1); Jacob Toppin(1.3); Trae Young(13.8),1.25,2.7,-0.2249999999999999,0.026,客EV=0.03,,,,,,
2025-12-11,MIL,BOS,0.36,Toss-up,-9.38,0.35,-7,Giannis Antetokounmpo(25.7); A.J. Green(8.5); Taurean Prince(4.1),Chris Boucher(2.0); Ron Harper Jr.(2.0); Jayson Tatum(5.0); Amari Williams(1.0),3.1,1.18,0.1159999999999998,-0.2448,主EV=0.12★,,,,,,
2025-12-11,SAC,DEN,0.5,Toss-up,-18.83,-0.02,-4,Domantas Sabonis(14.9); Dennis Schröder(9.8),Christian Braun(9.6); Aaron Gordon(14.8); Julian Strawther(1.9),3.3,1.15,0.6499999999999999,-0.425,主EV=0.65★,,,,,,
2025-12-11,NOP,POR,0.3,🔴 High (Away),-8.58,-0.32,-5,Dejounte Murray(5.0); Jordan Poole(9.7); Zion Williamson(17.1),Donovan Clingan(11.7); Yang Hansen(1.2); Scoot Henderson(5.0); Jrue Holiday(15.2); Damian Lillard(5.0); Matisse Thybulle(6.2); Blake Wesley(5.4); Robert Williams(7.6),2.15,1.42,-0.3550000000000001,-0.0060000000000001,觀望,,,,,,
2025-12-11,HOU,LAC,0.88,🟢 High (Home),17.09,0.09,1,Tari Eason(9.1); Dorian Finney-Smith(5.0); Fred VanVleet(5.0),Bradley Beal(3.2); Derrick Jones Jr.(8.7),1.18,3.1,0.0383999999999999,-0.628,主EV=0.04🔥,,,,,,
2025-12-10,OKC,PHO,0.85,🟢 High (Home),12.89,0.02,14,Isaiah Hartenstein(14.0); Isaiah Joe(9.5); Thomas Sorber(5.0); Nikola Topić(5.0),Devin Booker(18.0); Jalen Green(11.2); Isaiah Livers(2.3),,,,,無賠率,,,,,,
2025-12-10,LAL,SAS,0.59,Toss-up,-2.14,-0.3,0,Maxi Kleber(1.7),Jordan McLaughlin(3.4); Victor Wembanyama(22.6),1.3,2.5,-0.2329999999999999,0.0250000000000001,客EV=0.03,,,,,,
2025-12-09,ORL,MIA,0.66,🟢 High (Home),0.03,-0.26,2,Franz Wagner(17.9); Moritz Wagner(5.0),Tyler Herro(18.7); Pelle Larsson(7.3); Davion Mitchell(10.9); Dru Smith(6.6),1.78,1.65,0.1748,-0.439,主EV=0.17★🔥,,,,,,
2025-12-09,TOR,NYK,0.28,🔴 High (Away),-5.47,-0.13,-6,RJ Barrett(14.7); Jamison Battle(3.2); Jamal Shead(6.5),Pacome Dadiet(0.3); Miles McBride(8.9); Landry Shamet(7.1); Karl-Anthony Towns(18.6),2.2,1.4,-0.3839999999999999,0.008,客EV=0.01🔥,,,,,,
2025-12-08,NOP,SAS,0.47,Toss-up,-15.62,-0.16,-5,Herbert Jones(6.2); Dejounte Murray(5.0); Jordan Poole(9.7); Zion Williamson(17.1),Stephon Castle(14.7); Luke Kornet(10.0); Jordan McLaughlin(3.4); Victor Wembanyama(22.6),3.2,1.16,0.504,-0.3852,主EV=0.50★,,,,,,
2025-12-08,IND,SAC,0.48,Toss-up,2.22,0.08,0,Tyrese Haliburton(5.0); Quenton Jackson(10.9); Kam Jones(5.0); Aaron Nesmith(10.1); Ben Sheppard(4.9); Obi Toppin(9.2),Keegan Murray(14.3); Domantas Sabonis(14.9); Dennis Schröder(9.8),1.46,2.05,-0.2992,0.0659999999999998,客EV=0.07,,,,,,
2025-12-08,MIN,PHO,0.66,🟢 High (Home),1.58,-0.4,6,,Devin Booker(18.0); Jalen Green(11.2); Isaiah Livers(2.3),1.16,3.2,-0.2344,0.0879999999999998,客EV=0.09,,,,,,
2025-12-07,NYK,ORL,0.7,🟢 High (Home),2.63,0.26,1,Landry Shamet(7.1); Karl-Anthony Towns(18.6),Moritz Wagner(5.0),1.48,2.0,0.036,-0.3999999999999999,主EV=0.04🔥,,,,,,
2025-12-07,UTA,OKC,0.43,Toss-up,-20.56,-0.66,-15,Walker Kessler(15.7); Georges Niang(5.0),Alex Caruso(5.9); Luguentz Dort(5.8); Shai Gilgeous-Alexander(28.6); Isaiah Hartenstein(14.0); Isaiah Joe(9.5); Thomas Sorber(5.0); Nikola Topić(5.0),3.4,1.13,0.4619999999999999,-0.3559,主EV=0.46★,,,,,,
2025-12-07,CHO,DEN,0.2,🔴 High (Away),-14.24,0.36,-1,LaMelo Ball(14.7); Pat Connaughton(3.8); Moussa Diabaté(10.3); Josh Green(5.0); Tre Mann(4.7); Collin Sexton(11.3); Grant Williams(5.0),Christian Braun(9.6); Aaron Gordon(14.8); Julian Strawther(1.9),3.4,1.13,-0.3199999999999999,-0.096,觀望,,,,,,
2025-12-07,MEM,POR,0.66,🟢 High (Home),-1.01,-0.23,2,Brandon Clarke(5.0); Ty Jerome(5.0); Ja Morant(11.7); Scotty Pippen Jr.(5.0); Javon Small(3.2),Donovan Clingan(11.7); Scoot Henderson(5.0); Jrue Holiday(15.2); Damian Lillard(5.0); Matisse Thybulle(6.2); Blake Wesley(5.4),1.68,1.75,0.1088,-0.405,主EV=0.11★🔥,,,,,,
2025-12-07,CHI,GSW,0.64,Toss-up,-3.53,0.08,-7,Zach Collins(7.4); Ayo Dosunmu(12.0); Kevin Huerter(9.0); Tre Jones(13.1); Isaac Okoro(5.7); Jalen Smith(8.3); Dalen Terry(2.8); Coby White(16.9); Patrick Williams(4.9),Jimmy Butler(19.3); Seth Curry(7.3); Stephen Curry(19.5); Draymond Green(6.5); Al Horford(5.1); De'Anthony Melton(11.2); Alex Toohey(5.0),1.73,1.7,0.1071999999999999,-0.388,主EV=0.11★,,,,,,
2025-12-07,PHI,LAL,0.58,Toss-up,-2.87,0.33,4,Joel Embiid(13.3); Paul George(11.7); Kelly Oubre Jr.(12.3); Trendon Watford(8.0),LeBron James(11.7); Marcus Smart(7.2),2.15,1.42,0.2469999999999999,-0.4035999999999999,主EV=0.25★,,,,,,
2025-12-07,TOR,BOS,0.34,🔴 High (Away),-1.99,0.34,-6,RJ Barrett(14.7); Jamison Battle(3.2); Immanuel Quickley(14.2),Jayson Tatum(5.0),1.9,1.55,-0.354,0.0229999999999999,客EV=0.02🔥,,,,,,
2025-12-06,MIA,SAC,0.8,🟢 High (Home),15.25,-0.07,2,Tyler Herro(18.7),Domantas Sabonis(14.9); Dennis Schröder(9.8),1.22,2.85,-0.024,-0.4300000000000001,觀望,,,,,,
2025-12-06,MIN,LAC,0.81,🟢 High (Home),9.88,-0.32,5,,Bradley Beal(3.2); Bogdan Bogdanović(6.4); Derrick Jones Jr.(8.7); Jordan Miller(6.9),1.13,3.4,-0.0847,-0.3540000000000002,觀望,,,,,,
2025-12-06,BRK,NOP,0.6,Toss-up,1.78,-0.22,4,Noah Clowney(9.3); Haywood Highsmith(5.0); Cam Thomas(12.4),Herbert Jones(6.2); Yves Missi(6.5); Dejounte Murray(5.0); Jordan Poole(9.7); Zion Williamson(17.1),1.48,2.0,-0.1119999999999999,-0.1999999999999999,觀望,,,,,,
2025-12-06,WAS,ATL,0.24,🔴 High (Away),-14.87,0.43,1,Bilal Coulibaly(6.9); Tre Johnson(6.8); Corey Kispert(7.3); Khris Middleton(8.1); Alex Sarr(16.1); Tristan Vukcevic(4.1); Cam Whitmore(6.2),N'Faly Dante(1.1); Nikola Djurisic(5.0); Jacob Toppin(1.3); Trae Young(13.8),3.2,1.16,-0.2319999999999999,-0.1184,觀望,,,,,,
2025-12-06,DAL,HOU,0.53,Toss-up,-15.57,-0.04,-3,Dante Exum(5.0); Daniel Gafford(9.3); Kyrie Irving(5.0); Dereck Lively II(5.7); P.J. Washington(11.3),Tari Eason(9.1); Dorian Finney-Smith(5.0); Alperen Şengün(20.2); Fred VanVleet(5.0),3.1,1.18,0.6430000000000002,-0.4454,主EV=0.64★,,,,,,
2025-12-06,CLE,GSW,0.55,Toss-up,2.32,-0.38,3,Jarrett Allen(13.4); Darius Garland(9.1); Sam Merrill(10.1); Larry Nance Jr.(2.5); Tyrese Proctor(3.5); Max Strus(5.0),Jimmy Butler(19.3); Seth Curry(7.3); Stephen Curry(19.5); Draymond Green(6.5); Al Horford(5.1); De'Anthony Melton(11.2); Alex Toohey(5.0),1.23,2.8,-0.3235,0.2599999999999998,客EV=0.26★,,,,,,
2025-12-06,DET,MIL,0.63,Toss-up,7.16,-0.4,2,Bobi Klintman(1.1); Marcus Sasser(5.0),Giannis Antetokounmpo(25.7); A.J. Green(8.5); Taurean Prince(4.1),,,,,無賠率,,,,,,
2025-12-05,ORL,MIA,0.59,Toss-up,-0.43,-0.19,0,Paolo Banchero(16.7); Moritz Wagner(5.0),Tyler Herro(18.7); Norman Powell(18.1),1.35,2.3,-0.2035,-0.057,觀望,,,,,,
2025-12-05,ATL,DEN,0.48,Toss-up,-6.7,0.35,-3,Nikola Djurisic(5.0); Jalen Johnson(21.4); Kristaps Porziņģis(15.8); Jacob Toppin(1.3); Trae Young(13.8),Christian Braun(9.6); Aaron Gordon(14.8); Spencer Jones(3.3); Julian Strawther(1.9),2.5,1.3,0.1999999999999999,-0.3239999999999999,主EV=0.20★,,,,,,
2025-12-05,HOU,PHO,0.68,🟢 High (Home),7.97,-0.16,0,Tari Eason(9.1); Dorian Finney-Smith(5.0); Fred VanVleet(5.0),Devin Booker(18.0); Jalen Green(11.2); Isaiah Livers(2.3),1.12,3.5,-0.2383999999999998,0.1199999999999998,客EV=0.12★,,,,,,
2025-12-05,CHI,IND,0.56,Toss-up,5.94,0.41,-3,Zach Collins(5.0); Ayo Dosunmu(12.0); Kevin Huerter(9.0); Tre Jones(13.1); Isaac Okoro(5.7); Jalen Smith(8.3); Dalen Terry(2.7); Coby White(17.0); Patrick Williams(5.1),Tyrese Haliburton(5.0); Quenton Jackson(10.9); Kam Jones(5.0); Aaron Nesmith(10.1); Ben Sheppard(4.9); Obi Toppin(9.2),1.4,2.2,-0.2159999999999999,-0.032,觀望,,,,,,
2025-12-05,OKC,DAL,0.94,🟢 High (Home),19.89,-0.01,10,Alex Caruso(5.9); Luguentz Dort(5.8); Isaiah Hartenstein(14.0); Thomas Sorber(5.0); Nikola Topić(5.0),Dante Exum(5.0); Daniel Gafford(9.3); Kyrie Irving(5.0); Dereck Lively II(5.7); P.J. Washington(11.3),,,,,無賠率,,,,,,
2025-12-05,MIL,PHI,0.64,Toss-up,-2.76,-0.02,-1,Giannis Antetokounmpo(25.7); Taurean Prince(4.1),Paul George(10.8); Kelly Oubre Jr.(12.3); Trendon Watford(8.0),1.78,1.65,0.1392,-0.406,主EV=0.14★,,,,,,
2025-12-05,BOS,LAL,0.41,Toss-up,0.94,-0.14,2,Jaylen Brown(19.6); Jayson Tatum(5.0),Luka Dončić(28.6); Marcus Smart(7.2),1.28,2.55,-0.4752,0.5045000000000002,客EV=0.50★,,,,,,
2025-12-05,NYK,UTA,0.82,🟢 High (Home),13.35,-0.12,-1,OG Anunoby(12.8); Landry Shamet(7.1),Walker Kessler(15.7); Georges Niang(5.0); Jusuf Nurkić(8.7),,,,,無賠率,,,,,,
2025-12-05,MEM,LAC,0.78,🟢 High (Home),3.54,0.06,-2,Brandon Clarke(5.0); Ty Jerome(5.0); Ja Morant(11.7); Scotty Pippen Jr.(5.0); Javon Small(3.2),Bradley Beal(3.2); Bogdan Bogdanović(6.4); Derrick Jones Jr.(8.7); Jordan Miller(6.9),1.82,1.62,0.4196000000000002,-0.6436,主EV=0.42★🔥,,,,,,
2025-12-05,CLE,SAS,0.68,🟢 High (Home),-1.8,-0.09,-3,Jarrett Allen(13.4); Darius Garland(9.1); Sam Merrill(10.1); Larry Nance Jr.(2.5); Tyrese Proctor(3.5); Max Strus(5.0),Stephon Castle(14.7); Luke Kornet(10.0); Jordan McLaughlin(3.4); Victor Wembanyama(22.6),1.38,2.25,-0.0615999999999999,-0.2800000000000001,觀望,,,,,,
2025-12-05,DET,POR,0.64,Toss-up,8.26,-0.57,-2,Bobi Klintman(1.1); Duncan Robinson(9.5); Marcus Sasser(5.0),Donovan Clingan(11.7); Scoot Henderson(5.0); Jrue Holiday(15.2); Damian Lillard(5.0); Kris Murray(5.4); Matisse Thybulle(6.2); Blake Wesley(5.4); Robert Williams(7.3),1.23,2.8,-0.2128,0.008,客EV=0.01,,,,,,
2025-12-05,TOR,CHO,0.74,🟢 High (Home),9.04,-0.48,1,Ochai Agbaji(1.8); RJ Barrett(14.7); Jakob Poeltl(11.2),LaMelo Ball(15.1); Pat Connaughton(3.8); Josh Green(5.0); Ryan Kalkbrenner(10.7); Tre Mann(4.7); Brandon Miller(10.9); Collin Sexton(11.3); Grant Williams(5.0),1.23,2.8,-0.0897999999999999,-0.272,觀望,,,,,,
2025-12-04,TOR,LAL,0.41,Toss-up,0.11,-0.12,2,RJ Barrett(14.7); Jakob Poeltl(11.2),Luka Dončić(28.6); Marcus Smart(7.2),1.62,1.82,-0.3358,0.0738,客EV=0.07,,,,,,
2025-12-04,PHI,GSW,0.42,Toss-up,-1.58,-0.19,2,Joel Embiid(14.3); Paul George(10.8); Quentin Grimes(12.4); Kelly Oubre Jr.(12.3); Trendon Watford(8.0),Jimmy Butler(19.3); Stephen Curry(19.5); Al Horford(5.2); Trayce Jackson-Davis(4.4); Jonathan Kuminga(9.2); De'Anthony Melton(5.0); Quinten Post(5.6); Alex Toohey(5.0),1.48,2.0,-0.3784,0.1600000000000001,客EV=0.16★,,,,,,
2025-12-04,WAS,BOS,0.27,🔴 High (Away),-17.77,0.25,-3,Bilal Coulibaly(6.9); Tre Johnson(6.8); Corey Kispert(7.3); Corey Kispert(7.3); Alex Sarr(16.1),Jaylen Brown(19.6); Jayson Tatum(5.0),3.2,1.16,-0.1359999999999999,-0.1532000000000001,觀望,,,,,,
2025-12-04,BRK,UTA,0.53,Toss-up,-2.55,-0.13,1,Haywood Highsmith(5.0); Terance Mann(7.6); Cam Thomas(12.4),Walker Kessler(15.7); Kevin Love(5.8); Georges Niang(5.0); Jusuf Nurkić(8.7),2.1,1.43,0.1130000000000002,-0.3279000000000001,主EV=0.11★,,,,,,
2025-12-04,NOP,MIN,0.16,🔴 High (Away),-15.55,0.62,-7,Herbert Jones(6.2); Karlo Matković(4.8); Yves Missi(6.5); Dejounte Murray(5.0); Jordan Poole(9.7); Zion Williamson(17.1),,,,,,無賠率,,,,,,
2025-12-03,HOU,SAC,0.83,🟢 High (Home),22.46,-0.07,2,Steven Adams(9.3); Tari Eason(9.1); Dorian Finney-Smith(5.0); Fred VanVleet(5.0),Malik Monk(9.2); Domantas Sabonis(14.9); Dennis Schröder(9.8),,,,,無賠率,,,,,,
2025-12-03,MIL,DET,0.24,🔴 High (Away),-8.05,0.46,-3,Giannis Antetokounmpo(27.1); Gary Harris(3.0); Kevin Porter Jr.(18.0); Taurean Prince(4.1),Bobi Klintman(1.1); Duncan Robinson(9.5); Marcus Sasser(5.0),2.2,1.4,-0.472,0.0639999999999998,客EV=0.06🔥,,,,,,
2025-12-03,IND,DEN,0.32,🔴 High (Away),-18.18,-0.43,0,Johnny Furphy(1.5); Tyrese Haliburton(5.0); Quenton Jackson(10.9); Kam Jones(5.0); Aaron Nesmith(10.1); Obi Toppin(9.2),Christian Braun(9.6); Aaron Gordon(14.8); Nikola Jokić(31.1); Jamal Murray(18.7); Julian Strawther(1.9),2.8,1.23,-0.104,-0.1636,觀望,,,,,,
2025-12-03,ATL,LAC,0.65,🟢 High (Home),8.3,0.07,4,Kristaps Porziņģis(15.8); Jacob Toppin(1.3); Trae Young(13.8),Bradley Beal(3.2); Bogdan Bogdanović(6.4); Derrick Jones Jr.(8.7); Jordan Miller(6.9),1.46,2.05,-0.051,-0.2825000000000001,觀望,,,,,,
2025-12-03,NYK,CHO,0.77,🟢 High (Home),11.78,-0.12,0,OG Anunoby(12.8); Landry Shamet(7.1),Pat Connaughton(3.8); Josh Green(5.0); Tre Mann(4.7); Brandon Miller(10.9); Grant Williams(5.0),1.16,3.2,-0.1068,-0.264,觀望,,,,,,
2025-12-03,CLE,POR,0.72,🟢 High (Home),5.62,-0.0,4,Jarrett Allen(13.4); Lonzo Ball(5.9); Sam Merrill(10.1); Larry Nance Jr.(2.5); Max Strus(5.0),Scoot Henderson(5.0); Jrue Holiday(15.2); Damian Lillard(5.0); Matisse Thybulle(6.2); Blake Wesley(5.4),1.13,3.4,-0.1864000000000001,-0.0479999999999999,觀望,,,,,,
2025-12-03,ORL,SAS,0.78,🟢 High (Home),-0.23,-0.24,2,Paolo Banchero(16.7); Moritz Wagner(5.0),Stephon Castle(14.7); Jordan McLaughlin(3.4); Victor Wembanyama(22.6),1.23,2.8,-0.0405999999999999,-0.3840000000000001,觀望,,,,,,
2025-12-03,CHI,BRK,0.73,🟢 High (Home),8.26,0.53,-5,Zach Collins(5.0); Kevin Huerter(9.0); Tre Jones(13.1); Isaac Okoro(5.7); Julian Phillips(2.3); Jalen Smith(8.3); Dalen Terry(2.4); Coby White(17.0); Patrick Williams(4.9),Haywood Highsmith(5.0); Terance Mann(7.6); Cam Thomas(12.4),1.2,2.95,-0.124,-0.2034999999999999,觀望,,,,,,
2025-12-03,DAL,MIA,0.29,🔴 High (Away),-10.29,0.32,1,Dante Exum(5.0); Daniel Gafford(9.8); Kyrie Irving(5.0); Dereck Lively II(5.7); P.J. Washington(11.3),Keshad Johnson(2.9); Pelle Larsson(8.0),2.1,1.43,-0.391,0.0152999999999998,客EV=0.02🔥,,,,,,
2025-12-02,GSW,OKC,0.33,🔴 High (Away),-14.82,0.38,-11,Jimmy Butler(20.1); Stephen Curry(19.5); Draymond Green(6.7); Al Horford(5.2); Trayce Jackson-Davis(4.4); De'Anthony Melton(5.0); Alex Toohey(5.0),Alex Caruso(5.9); Luguentz Dort(5.8); Isaiah Hartenstein(14.0); Thomas Sorber(5.0); Nikola Topić(5.0),,,,,無賠率,,,,,,
2025-12-02,BOS,NYK,0.64,Toss-up,-2.45,0.11,-3,Neemias Queta(11.0); Jayson Tatum(5.0); Derrick White(13.1),OG Anunoby(12.8); Landry Shamet(7.1),1.73,1.7,0.1071999999999999,-0.388,主EV=0.11★,,,,,,
2025-12-02,PHI,WAS,0.52,Toss-up,14.33,0.47,-2,Andre Drummond(9.2); Joel Embiid(14.3); Paul George(11.8); Quentin Grimes(12.4); Kelly Oubre Jr.(12.3); Trendon Watford(8.0),Tre Johnson(6.8); Corey Kispert(7.3); Alex Sarr(16.1),,,,,無賠率,,,,,,
2025-12-02,TOR,POR,0.84,🟢 High (Home),8.33,-0.29,0,RJ Barrett(14.7); Jakob Poeltl(11.3),Donovan Clingan(12.1); Scoot Henderson(5.0); Jrue Holiday(15.2); Damian Lillard(5.0); Matisse Thybulle(6.2); Blake Wesley(5.4),1.36,2.28,0.1424,-0.6352,主EV=0.14★🔥,,,,,,
2025-12-02,SAS,MEM,0.54,Toss-up,9.69,0.02,-4,Stephon Castle(14.7); Jordan McLaughlin(3.4); Victor Wembanyama(22.6),Brandon Clarke(5.0); Ty Jerome(5.0); Jock Landale(8.9); Ja Morant(11.7); Scotty Pippen Jr.(5.0); Javon Small(3.2),1.36,2.28,-0.2655999999999999,0.0487999999999997,客EV=0.05,,,,,,
2025-12-02,NOP,MIN,0.27,🔴 High (Away),-15.03,0.55,-5,Jordan Hawkins(2.8); Herbert Jones(6.2); Karlo Matković(4.8); Trey Murphy III(15.6); Dejounte Murray(5.0); Jordan Poole(9.7),,3.3,1.15,-0.1089999999999999,-0.1605000000000001,觀望,,,,,,
2025-12-01,DEN,DAL,0.79,🟢 High (Home),15.18,0.18,0,Christian Braun(9.6); Aaron Gordon(14.8); Nikola Jokić(31.1); Julian Strawther(1.9),Anthony Davis(17.4); Dante Exum(5.0); Daniel Gafford(9.8); Kyrie Irving(5.0); Dereck Lively II(5.7),1.13,3.4,-0.1073,-0.2860000000000001,觀望,,,,,,
2025-12-01,LAL,PHO,0.61,Toss-up,0.15,-0.16,9,LeBron James(15.2); Marcus Smart(7.2),Ryan Dunn(8.0); Jalen Green(11.2); Isaiah Livers(2.3); Mark Williams(13.5),1.33,2.35,-0.1886999999999999,-0.0834999999999999,觀望,,,,,,
2025-12-01,BRK,CHO,0.46,Toss-up,-5.78,0.26,-6,Haywood Highsmith(5.0); Michael Porter Jr.(17.5); Cam Thomas(12.4),Pat Connaughton(3.8); Josh Green(5.0); Grant Williams(5.0),2.15,1.42,-0.011,-0.2331999999999999,觀望,,,,,,
2025-12-01,DET,ATL,0.69,🟢 High (Home),3.82,0.07,-1,Jalen Duren(18.5); Bobi Klintman(1.1); Caris LeVert(7.4); Duncan Robinson(9.5); Marcus Sasser(5.0),N'Faly Dante(1.1); Nikola Djurisic(5.0); Kristaps Porziņģis(15.8); Trae Young(13.8),1.18,3.1,-0.1858,-0.0389999999999998,觀望,,,,,,
2025-12-01,UTA,HOU,0.23,🔴 High (Away),-16.89,0.09,-4,Walker Kessler(15.7); Kevin Love(5.3); Georges Niang(5.0),Tari Eason(9.1); Dorian Finney-Smith(5.0); Fred VanVleet(5.0),3.8,1.09,-0.126,-0.1606999999999999,觀望,,,,,,
2025-12-01,WAS,MIL,0.36,Toss-up,-10.16,-0.22,-2,Tre Johnson(6.8); Corey Kispert(7.3),Giannis Antetokounmpo(27.8); Taurean Prince(4.1),3.2,1.16,0.1519999999999999,-0.2576,主EV=0.15★,,,,,,
2025-12-01,ORL,CHI,0.74,🟢 High (Home),7.8,-0.02,5,Paolo Banchero(16.7); Moritz Wagner(5.0),Zach Collins(5.0); Isaac Okoro(5.7); Julian Phillips(2.0); Jalen Smith(8.3); Dalen Terry(2.4),1.22,2.85,-0.0972,-0.2589999999999999,觀望,,,,,,
2025-12-01,MIA,LAC,0.87,🟢 High (Home),11.39,-0.11,3,Jaime Jaquez Jr.(13.8); Keshad Johnson(2.9),Bradley Beal(3.2); Bogdan Bogdanović(6.4); Derrick Jones Jr.(8.7); Jordan Miller(7.5),1.3,2.5,0.131,-0.675,主EV=0.13★🔥,,,,,,
2025-12-01,IND,CLE,0.45,Toss-up,-12.04,0.06,5,Johnny Furphy(1.5); Tyrese Haliburton(5.0); Quenton Jackson(10.9); Kam Jones(5.0); Aaron Nesmith(10.1); Obi Toppin(9.2),Jarrett Allen(13.4); Lonzo Ball(5.9); Sam Merrill(10.1); Larry Nance Jr.(2.5); Max Strus(5.0),2.4,1.32,0.08,-0.2739999999999999,主EV=0.08,,,,,,
2025-11-30,NYK,TOR,0.66,🟢 High (Home),0.07,0.07,4,OG Anunoby(12.8); Landry Shamet(7.1),RJ Barrett(14.7),1.22,2.85,-0.1947999999999999,-0.031,觀望,,,,,,
2025-11-30,UTA,HOU,0.19,🔴 High (Away),-18.18,0.21,-1,Keyonte George(18.1); Walker Kessler(15.7); Kevin Love(5.3); Georges Niang(5.0),Steven Adams(8.6); Tari Eason(9.1); Dorian Finney-Smith(5.0); Fred VanVleet(5.0),3.5,1.12,-0.3349999999999999,-0.0927999999999998,觀望,,,,,,
2025-11-30,PHI,ATL,0.3,🔴 High (Away),-2.77,0.26,0,Andre Drummond(9.6); VJ Edgecombe(11.6); Joel Embiid(14.7); Kelly Oubre Jr.(12.3); Trendon Watford(8.0),N'Faly Dante(1.1); Nikola Djurisic(5.0); Kristaps Porziņģis(15.8); Trae Young(13.8),1.62,1.82,-0.514,0.274,客EV=0.27★🔥,,,,,,
2025-11-30,POR,OKC,0.18,🔴 High (Away),-18.09,0.31,-12,Donovan Clingan(12.1); Scoot Henderson(5.0); Jrue Holiday(15.2); Damian Lillard(5.0); Matisse Thybulle(6.2); Blake Wesley(5.4),Isaiah Hartenstein(14.0); Thomas Sorber(5.0); Nikola Topić(5.0),,,,,無賠率,,,,,,
2025-11-30,CLE,BOS,0.53,Toss-up,-1.1,0.48,-1,Jarrett Allen(13.4); Lonzo Ball(5.9); Sam Merrill(10.1); Larry Nance Jr.(2.5); Craig Porter Jr.(6.9); Max Strus(5.0),Jayson Tatum(5.0),1.26,2.6,-0.3321999999999999,0.2219999999999999,客EV=0.22★,,,,,,
2025-11-30,MIN,SAS,0.66,🟢 High (Home),-2.18,-0.51,-1,,Stephon Castle(14.7); Jordan McLaughlin(3.4); Victor Wembanyama(22.6),1.45,2.07,-0.043,-0.2962000000000001,觀望,,,,,,
2025-11-30,LAL,NOP,0.88,🟢 High (Home),14.52,-0.27,8,LeBron James(15.2); Marcus Smart(7.2),Jordan Hawkins(2.8); Herbert Jones(6.2); Karlo Matković(4.8); Trey Murphy III(15.6); Dejounte Murray(5.0); Jordan Poole(9.7),,,,,無賠率,,,,,,
2025-11-30,SAC,MEM,0.43,Toss-up,-6.91,-0.07,-4,Domantas Sabonis(14.9); Dennis Schröder(9.8),Brandon Clarke(5.0); Ty Jerome(5.0); Ja Morant(11.7); Scotty Pippen Jr.(5.0); Javon Small(3.2),1.93,1.53,-0.1701,-0.1278999999999999,觀望,,,,,,
2025-11-29,LAC,DAL,0.69,🟢 High (Home),-0.54,0.13,0,Bradley Beal(3.2); Bogdan Bogdanović(6.4); Derrick Jones Jr.(8.7); Jordan Miller(7.5),Dante Exum(5.0); Kyrie Irving(5.0); Dereck Lively II(5.7),1.26,2.6,-0.1306,-0.1939999999999998,觀望,,,,,,
2025-11-29,MIA,DET,0.49,Toss-up,-1.01,0.46,8,Jaime Jaquez Jr.(13.8); Norman Powell(17.7); Andrew Wiggins(11.8),Bobi Klintman(1.1); Marcus Sasser(5.0),1.46,2.05,-0.2846000000000001,0.0454999999999998,客EV=0.05,,,,,,
2025-11-29,MIL,BRK,0.73,🟢 High (Home),7.51,-0.26,-4,Kevin Porter Jr.(10.1); Taurean Prince(4.1),Haywood Highsmith(5.0); Michael Porter Jr.(17.5); Cam Thomas(12.4),1.12,3.5,-0.1823999999999999,-0.0549999999999999,觀望,,,,,,
2025-11-29,CHO,TOR,0.23,🔴 High (Away),-12.17,-0.01,-8,Pat Connaughton(3.8); Josh Green(5.0); Grant Williams(5.0),RJ Barrett(14.7),2.95,1.2,-0.3214999999999999,-0.076,觀望,,,,,,
2025-11-29,IND,CHI,0.4,Toss-up,-8.71,0.51,3,Johnny Furphy(1.5); Tyrese Haliburton(5.0); Quenton Jackson(10.9); Kam Jones(5.0); Andrew Nembhard(12.3); Aaron Nesmith(10.1); Obi Toppin(9.2),Zach Collins(5.0); Isaac Okoro(5.7); Dalen Terry(2.4),2.1,1.43,-0.1599999999999999,-0.142,觀望,,,,,,
2025-11-29,PHO,DEN,0.39,Toss-up,-5.79,0.12,0,Grayson Allen(14.7); Ryan Dunn(8.0); Jalen Green(11.2); Isaiah Livers(2.3),Christian Braun(9.6); Aaron Gordon(14.8); Julian Strawther(1.9),2.1,1.43,-0.1809999999999999,-0.1277,觀望,,,,,,
2025-11-29,MIN,BOS,0.59,Toss-up,0.13,-0.59,-5,,Jaylen Brown(18.5); Neemias Queta(10.4); Jayson Tatum(5.0); Derrick White(13.2),1.26,2.6,-0.2566,0.066,客EV=0.07,,,,,,
2025-11-29,GSW,NOP,0.83,🟢 High (Home),12.26,-0.01,0,Stephen Curry(19.5); Al Horford(5.2); Jonathan Kuminga(9.9); De'Anthony Melton(5.0); Gary Payton II(3.6),Jordan Hawkins(2.8); Herbert Jones(6.2); Karlo Matković(4.8); Trey Murphy III(15.6); Dejounte Murray(5.0); Jordan Poole(9.7),1.22,2.85,0.0125999999999999,-0.5154999999999998,主EV=0.01🔥,,,,,,
2025-11-28,DEN,SAS,0.73,🟢 High (Home),3.94,-0.18,0,Christian Braun(9.6); Aaron Gordon(14.8); Julian Strawther(1.9),Stephon Castle(14.7); Jordan McLaughlin(3.4); Victor Wembanyama(22.6),1.22,2.85,-0.1094,-0.2304999999999999,觀望,,,,,,
2025-11-28,ATL,CLE,0.57,Toss-up,-1.46,-0.34,0,Trae Young(13.8),Jarrett Allen(13.8); Sam Merrill(10.1); Craig Porter Jr.(6.9); Max Strus(5.0); Dean Wade(5.3),2.4,1.32,0.3679999999999999,-0.4323999999999999,主EV=0.37★,,,,,,
2025-11-28,BRK,PHI,0.44,Toss-up,-11.71,-0.3,0,Haywood Highsmith(5.0); Michael Porter Jr.(17.5); Ben Saraf(1.6); Cam Thomas(12.4),Adem Bona(3.1); VJ Edgecombe(11.6); Joel Embiid(14.7); Paul George(10.6); Kelly Oubre Jr.(12.3); Trendon Watford(8.0),2.6,1.26,0.1440000000000001,-0.2943999999999999,主EV=0.14★,,,,,,
2025-11-28,LAL,DAL,0.86,🟢 High (Home),8.5,-0.17,7,Deandre Ayton(12.8); Marcus Smart(7.2),Anthony Davis(17.9); Dante Exum(5.0); Kyrie Irving(5.0); Dereck Lively II(5.7),1.13,3.4,-0.0282000000000001,-0.524,觀望,,,,,,
2025-11-28,UTA,SAC,0.68,🟢 High (Home),4.35,-0.05,-3,Walker Kessler(15.7); Georges Niang(5.0),Domantas Sabonis(14.9); Dennis Schröder(9.8),1.6,1.85,0.088,-0.408,主EV=0.09🔥,,,,,,
2025-11-28,IND,WAS,0.57,Toss-up,3.67,0.35,-4,Johnny Furphy(1.5); Tyrese Haliburton(5.0); Quenton Jackson(10.9); Kam Jones(5.0); Andrew Nembhard(12.3); Aaron Nesmith(10.1); Obi Toppin(9.2),Kyshawn George(12.2); Tre Johnson(6.8); Corey Kispert(7.3),1.28,2.55,-0.2704000000000001,0.0965,客EV=0.10,,,,,,
2025-11-28,NYK,MIL,0.79,🟢 High (Home),8.27,-0.28,8,OG Anunoby(12.8); Landry Shamet(7.1),Giannis Antetokounmpo(27.8); Kevin Porter Jr.(10.1); Taurean Prince(4.1),1.22,2.85,-0.0362,-0.4015000000000001,觀望,,,,,,
2025-11-28,LAC,MEM,0.59,Toss-up,-1.18,-0.05,-3,Bradley Beal(3.2); Bogdan Bogdanović(6.4); Derrick Jones Jr.(8.7); Jordan Miller(7.5),Brandon Clarke(5.0); Ty Jerome(5.0); Ja Morant(11.7); Scotty Pippen Jr.(5.0); Javon Small(3.2),1.3,2.5,-0.2329999999999999,0.0250000000000001,客EV=0.03,,,,,,
2025-11-28,OKC,PHO,0.74,🟢 High (Home),12.83,-0.17,9,Thomas Sorber(5.0); Nikola Topić(5.0); Aaron Wiggins(10.4),Grayson Allen(14.7); Ryan Dunn(8.0); Jalen Green(11.2),,,,,無賠率,,,,,,
2025-11-28,CHO,CHI,0.61,Toss-up,-2.2,-0.58,-6,Pat Connaughton(3.8); Josh Green(5.0); Grant Williams(5.0),Zach Collins(5.0); Kevin Huerter(9.8); Isaac Okoro(5.7); Dalen Terry(2.4); Nikola Vučević(14.3); Coby White(17.4); Patrick Williams(5.7),1.88,1.56,0.1467999999999998,-0.3915999999999999,主EV=0.15★,,,,,,
2025-11-28,DET,ORL,0.63,Toss-up,3.7,-0.11,-2,Jaden Ivey(6.7); Bobi Klintman(1.1); Marcus Sasser(5.0),Paolo Banchero(16.7); Moritz Wagner(5.0),1.45,2.07,-0.0865,-0.2341,觀望,,,,,,
2025-11-26,BOS,DET,0.53,Toss-up,-2.51,0.12,-12,Neemias Queta(10.4); Jayson Tatum(5.0),Bobi Klintman(1.1); Marcus Sasser(5.0),1.96,1.5,0.0387999999999999,-0.295,主EV=0.04,,,,,,
2025-11-26,OKC,MIN,0.38,Toss-up,10.43,0.67,11,Shai Gilgeous-Alexander(28.1); Thomas Sorber(5.0); Nikola Topić(5.0); Aaron Wiggins(10.4); Jalen Williams(5.0),,1.16,3.2,-0.5592,0.984,客EV=0.98★,,,,,,
2025-11-26,NOP,MEM,0.52,Toss-up,-8.6,-0.19,2,Herbert Jones(6.2); Karlo Matković(4.8); Dejounte Murray(5.0); Jordan Poole(9.7),Brandon Clarke(5.0); Zach Edey(11.1); Ty Jerome(5.0); Ja Morant(11.7); Scotty Pippen Jr.(5.0); Javon Small(3.2),1.96,1.5,0.0192000000000001,-0.28,主EV=0.02,,,,,,
2025-11-26,CHO,NYK,0.3,High (Away),-8.93,-0.08,-7,Pat Connaughton(3.8); Josh Green(5.0); Grant Williams(5.0),OG Anunoby(12.8); Landry Shamet(7.1),2.85,1.22,-0.145,-0.146,觀望,,,,,,
2025-11-26,MIA,MIL,0.75,High (Home),7.92,0.2,10,Jaime Jaquez Jr.(14.1); Nikola Jović(6.4); Norman Powell(18.5); Dru Smith(6.7); Andrew Wiggins(12.1),Giannis Antetokounmpo(27.8); Kevin Porter Jr.(10.1); Taurean Prince(4.1),1.22,2.85,-0.0849999999999999,-0.2875,觀望,,,,,,
2025-11-26,POR,SAS,0.36,Toss-up,-9.83,-0.0,2,Scoot Henderson(5.0); Jrue Holiday(15.2); Damian Lillard(5.0); Shaedon Sharpe(13.8); Matisse Thybulle(6.2); Blake Wesley(5.4),Stephon Castle(14.7); Dylan Harper(10.3); Jordan McLaughlin(3.4); Victor Wembanyama(22.6),1.7,1.73,-0.388,0.1071999999999999,客EV=0.11★,,,,,,
2025-11-26,GSW,HOU,0.5,Toss-up,-10.27,-0.22,0,Draymond Green(6.7); Al Horford(5.2); Jonathan Kuminga(9.9); De'Anthony Melton(5.0),Steven Adams(8.6); Kevin Durant(16.8); Tari Eason(9.1); Dorian Finney-Smith(5.0); Fred VanVleet(5.0),1.53,1.93,-0.235,-0.035,觀望,,,,,,
2025-11-26,SAC,PHO,0.45,Toss-up,-16.97,-0.12,3,Domantas Sabonis(14.9); Dennis Schröder(9.8),Grayson Allen(14.7); Ryan Dunn(8.0); Jalen Green(11.2),2.15,1.42,-0.0324999999999999,-0.2189999999999999,觀望,,,,,,
2025-11-26,TOR,IND,0.85,High (Home),18.72,-0.34,10,RJ Barrett(14.7),Johnny Furphy(1.5); Tyrese Haliburton(5.0); Quenton Jackson(10.9); Kam Jones(5.0); Aaron Nesmith(10.1); Obi Toppin(9.2),1.13,3.4,-0.0395,-0.49,觀望,,,,,,
2025-11-25,WAS,ATL,0.15,High (Away),-19.38,0.07,-16,Marvin Bagley III(7.5); Kyshawn George(12.2); Tre Johnson(6.8),Luke Kennard(6.9); Trae Young(13.8),3.4,1.13,-0.49,-0.0395,觀望,,,,,,
2025-11-25,PHI,ORL,0.33,High (Away),-1.84,0.71,0,Adem Bona(3.1); VJ Edgecombe(11.6); Joel Embiid(14.7); Paul George(10.6); Tyrese Maxey(26.1); Kelly Oubre Jr.(12.3),Paolo Banchero(16.7); Moritz Wagner(5.0),2.25,1.38,-0.2574999999999999,-0.0754000000000001,觀望,,,,,,
2025-11-25,LAL,LAC,0.85,High (Home),7.74,-0.16,5,Deandre Ayton(12.8),Bradley Beal(3.2); Bogdan Bogdanović(6.4); Derrick Jones Jr.(8.7); Jordan Miller(7.5),1.22,2.85,0.0369999999999999,-0.5724999999999999,主EV=0.04🔥,,,,,,
2025-11-24,PHO,HOU,0.5,Toss-up,-6.38,-0.01,4,Grayson Allen(14.7); Ryan Dunn(8.0); Rasheer Fleming(1.2); Jalen Green(11.2),Kevin Durant(16.8); Tari Eason(9.1); Dorian Finney-Smith(5.0); Fred VanVleet(5.0),2.5,1.3,0.25,-0.35,主EV=0.25★,,,,,,
2025-11-24,TOR,CLE,0.7,High (Home),2.49,-0.38,5,Jakob Poeltl(11.3),Jarrett Allen(13.8); Lonzo Ball(6.0); Sam Merrill(10.1); Craig Porter Jr.(6.9); Max Strus(5.0),1.85,1.6,0.2949999999999999,-0.5199999999999999,主EV=0.29★🔥,,,,,,
2025-11-24,MIL,POR,0.53,Toss-up,-0.55,-0.18,-3,Giannis Antetokounmpo(27.8); Kevin Porter Jr.(10.1); Taurean Prince(4.1),Scoot Henderson(5.0); Jrue Holiday(15.2); Damian Lillard(5.0); Shaedon Sharpe(13.8); Matisse Thybulle(6.2); Blake Wesley(5.4); Robert Williams(6.0),1.62,1.82,-0.1413999999999998,-0.1446,觀望,,,,,,
2025-11-24,NOP,CHI,0.61,Toss-up,-10.2,-0.07,-10,Herbert Jones(6.2); Kevon Looney(2.9); Karlo Matković(4.8); Dejounte Murray(5.0); Jordan Poole(9.7),Zach Collins(5.0); Trentyn Flowers(5.0); Kevin Huerter(9.8); Isaac Okoro(5.7); Dalen Terry(2.4); Patrick Williams(6.0),2.4,1.32,0.4639999999999999,-0.4851999999999999,主EV=0.46★,,,,,,
2025-11-24,GSW,UTA,0.84,High (Home),7.09,-0.07,0,Jonathan Kuminga(9.9); De'Anthony Melton(5.0),Walker Kessler(15.7); Georges Niang(5.0),,,,,無賠率,,,,,,
2025-11-24,MEM,DEN,0.37,Toss-up,-15.67,0.18,3,Brandon Clarke(5.0); Jaren Jackson Jr.(11.2); Ty Jerome(5.0); Ja Morant(11.7); Scotty Pippen Jr.(5.0); Javon Small(3.2),Christian Braun(9.6); Aaron Gordon(14.8); Julian Strawther(1.9),2.85,1.22,0.0544999999999999,-0.2314,主EV=0.05,,,,,,
2025-11-24,BRK,NYK,0.12,High (Away),-16.21,-0.01,0,Haywood Highsmith(5.0); Ben Saraf(1.6); Cam Thomas(12.4),OG Anunoby(12.8); Landry Shamet(7.1),,,,,無賠率,,,,,,
2025-11-24,SAC,MIN,0.23,High (Away),-18.68,0.16,2,Domantas Sabonis(14.9),Terrence Shannon Jr.(2.2),3.2,1.16,-0.2639999999999999,-0.1068,觀望,,,,,,
2025-11-24,IND,DET,0.17,High (Away),-18.98,0.26,-13,Johnny Furphy(1.5); Tyrese Haliburton(5.0); Quenton Jackson(10.9); Kam Jones(5.0); Aaron Nesmith(10.1); Obi Toppin(9.2),Jaden Ivey(8.3); Bobi Klintman(1.1); Caris LeVert(6.9); Marcus Sasser(5.0),3.2,1.16,-0.4559999999999999,-0.0372000000000001,觀望,,,,,,
2025-11-24,MIA,DAL,0.82,High (Home),10.95,-0.25,5,Tyler Herro(5.0); Nikola Jović(6.4); Andrew Wiggins(12.1),Anthony Davis(17.9); Dante Exum(5.0); Kyrie Irving(5.0); Dereck Lively II(5.7); Ryan Nembhard(1.5); Brandon Williams(8.3),1.22,2.85,0.0003999999999999,-0.4869999999999999,主EV=0.00🔥,,,,,,
2025-11-23,BOS,ORL,0.63,Toss-up,1.95,-0.21,-4,Jayson Tatum(5.0),Paolo Banchero(16.7); Moritz Wagner(5.0),1.43,2.1,-0.0991,-0.2229999999999999,觀望,,,,,,
2025-11-23,PHI,MIA,0.53,Toss-up,-1.76,-0.14,-2,Adem Bona(3.1); Joel Embiid(14.7); Kelly Oubre Jr.(12.3),Tyler Herro(5.0); Nikola Jović(6.4); Norman Powell(18.0); Andrew Wiggins(12.1),1.68,1.75,-0.1096,-0.1775,觀望,,,,,,
2025-11-23,TOR,BRK,0.96,High (Home),16.43,-0.28,5,Collin Murray-Boyles(6.7); Jakob Poeltl(11.3),Nic Claxton(15.2); Egor Demin(6.3); Haywood Highsmith(5.0); Ben Saraf(1.6); Cam Thomas(12.4),,,,,無賠率,,,,,,
2025-11-23,CLE,LAC,0.79,High (Home),9.65,-0.06,0,Jarrett Allen(13.8); Lonzo Ball(6.0); Sam Merrill(10.1); Craig Porter Jr.(6.9); Max Strus(5.0),Bradley Beal(3.2); Bogdan Bogdanović(6.4); Derrick Jones Jr.(8.7); Kawhi Leonard(20.7); Jordan Miller(7.5),1.16,3.2,-0.0836,-0.328,觀望,,,,,,
2025-11-23,UTA,LAL,0.29,High (Away),-7.09,0.26,-5,Walker Kessler(15.7); Georges Niang(5.0),,3.2,1.16,-0.072,-0.1764000000000001,觀望,,,,,,
2025-11-23,ATL,CHO,0.79,High (Home),5.54,0.02,6,Onyeka Okongwu(13.5); Keaton Wallace(4.6); Trae Young(13.8),Pat Connaughton(3.8); Josh Green(5.0); Ryan Kalkbrenner(10.9); Tre Mann(5.7); Grant Williams(5.0),1.25,2.7,-0.0124999999999999,-0.433,觀望,,,,,,
2025-11-23,PHO,SAS,0.59,Toss-up,-1.6,-0.2,-1,Grayson Allen(14.7); Ryan Dunn(8.0); Rasheer Fleming(1.2); Jalen Green(11.2),Stephon Castle(14.7); Dylan Harper(10.3); Jordan McLaughlin(3.4); Victor Wembanyama(22.6),1.52,1.94,-0.1032,-0.2046,觀望,,,,,,
2025-11-23,OKC,POR,0.89,High (Home),16.69,-0.48,7,Thomas Sorber(5.0); Nikola Topić(5.0); Aaron Wiggins(10.4); Jalen Williams(5.0); Kenrich Williams(5.0),Donovan Clingan(12.2); Scoot Henderson(5.0); Jrue Holiday(15.2); Damian Lillard(5.0); Shaedon Sharpe(13.8); Matisse Thybulle(6.2); Blake Wesley(5.4); Robert Williams(6.0),,,,,無賠率,,,,,,
2025-11-22,DEN,SAC,0.87,High (Home),22.44,-0.04,10,Christian Braun(9.6); Julian Strawther(1.9),Domantas Sabonis(14.9),1.09,3.8,-0.0516999999999999,-0.506,觀望 (莊家賠率精準),,,,,,
2025-11-22,DAL,MEM,0.68,High (Home),1.38,-0.04,0,Anthony Davis(17.9); Dante Exum(5.0); Kyrie Irving(5.0); Ryan Nembhard(1.5); D'Angelo Russell(8.4),Brandon Clarke(5.0); Jaren Jackson Jr.(11.2); Ty Jerome(5.0); Ja Morant(11.7); Scotty Pippen Jr.(5.0); Javon Small(3.2),1.72,1.72,0.1695999999999999,-0.4496000000000001,主 (DAL) EV=0.17 ★🔥,,,,,,
2025-11-22,CHI,WAS,0.87,High (Home),15.52,0.04,12,Zach Collins(5.0); Coby White(21.2),Marvin Bagley III(7.5); Alex Sarr(15.7),1.13,3.4,-0.0169000000000001,-0.558,觀望 (莊家賠率精準),,,,,,
2025-11-22,CHO,LAC,0.71,High (Home),1.76,-0.24,-1,Josh Green(5.0); Sion James(5.7); Tre Mann(5.7); Grant Williams(5.0),Bradley Beal(3.2); Derrick Jones Jr.(8.7); Kawhi Leonard(20.7); Jordan Miller(7.5),1.78,1.65,0.2638,-0.5215,主 (CHO) EV=0.26 ★🔥,,,,,,
2025-11-22,NOP,ATL,0.36,Toss-up,-15.75,-0.17,-6,Karlo Matković(4.8); Dejounte Murray(5.0); Jordan Poole(9.7),N'Faly Dante(1.1); Nikola Djurisic(5.0); Onyeka Okongwu(13.5); Trae Young(13.8),3.3,1.15,0.1879999999999999,-0.264,主 (NOP) EV=0.19 ★,,,,,,
2025-11-22,ORL,NYK,0.53,Toss-up,-4.27,-0.14,1,Paolo Banchero(16.7); Moritz Wagner(5.0),OG Anunoby(12.8); Jalen Brunson(19.8),1.62,1.82,-0.1413999999999998,-0.1446,觀望 (莊家賠率精準),,,,,,
2025-11-22,MIL,DET,0.35,High (Away),-7.96,0.27,-14,Giannis Antetokounmpo(27.8); Kevin Porter Jr.(10.1); Taurean Prince(4.1),Tobias Harris(9.6); Jaden Ivey(5.0); Bobi Klintman(1.1); Marcus Sasser(5.0),2.95,1.2,0.0324999999999999,-0.2199999999999999,主 (MIL) EV=0.03 ,,,,,,
